id,lines
s002272a8988feeab,1
s0042d0a8fdc7ca77,1
s004d6297d8c9d92e,1
s007ee629da3f0ef3,1
s00a982b861b09f04,1
s012c9b152885ac00,1
s0138cc62d87a8a46,1
s01af76aa5353e999,1
s01d5005b27fc04e9,1
s02272990d7320c5d,1
s024ce1961928b7cc,1
s0272d520f0f77036,1
s0278af6b682923e5,1
s0311c0e9a704063e,1
s0354b5623a0cb4d8,1
s0377a48bd72ec5ab,1
s038d7dbe734cbc6c,1
s03c6dd3feb527d9e,1
s0446d906fb751a9c,1
s045aaff8cf236f7d,1
s04819ca8d3d02c63,1
s04bb96440e5dfa4c,1
s04f245c722521f0e,1
s04fef82781ee1929,1
s0513552c08460fa5,1
s055131dabe5e9cc3,1
s0593efc3bd1bf486,1
s05dc8ba1085e05e3,1
s05dd1482f1330733,1
s05e1bd7d1c51eb51,1
s06b764875881a1f7,1
s06d84fada439edce,1
s0705103e33005f0d,1
s07094167d50097f9,1
s073accae220b863f,1
s073fa6c1eede2f91,1
s075934c5d74c449e,1
s075a8f2703c69581,1
s079fd813c5cf0860,1
s07e52996f438ac4c,1
s08006ba0b17efe78,2
s080d4295dc0004cf,1
s081bc89111caf547,1
s084a46ab1f470d7f,1
s084e034e5ed12d1f,1
s08622f9d2efce5be,1
s087b09b8a7726d6a,1
s08a3e504f526598c,1
s08cae06ff5af70cf,1
s0940ae46af6ff654,1
s0962f73ba92c96e4,1
s0991012b56d77877,1
s09d4b548a197d2c6,1
s09eeb194039040f9,1
s0a7a70a0ca190df0,1
s0a8dd9647f01b125,1
s0ab4eccb416a8c63,1
s0ab61a8328fed587,1
s0ac4887c7ae46e4b,1
s0ae44fa591d10a41,1
s0b23169656beb8ad,1
s0b6eebdb96e990d6,2
s0bde9bf1e2d289f8,1
s0bed6e3ae04a063f,1
s0c4bf423825ded1f,1
s0ca9c140b216b63a,1
s0cbd571319da2e4b,1
s0d09b7ef3a208207,1
s0d0a656a96fa6cfb,1
s0d0c5ce7b5dc1cb2,1
s0d9087d46883178a,1
s0dc1c2c4d4846704,1
s0e9db7a9f8db7008,1
s0f1e81d61d4230e1,1
s0f370f2319895249,1
s0f92cc335eeac4c6,1
s0faf22b2e87dae89,1
s0fc4b1e9f6ee8b95,1
s101011b093f37947,1
s1020b5d2cb3a5890,1
s10b2d459c1a39af9,1
s114cf54e1fd311c6,1
s116dcd80a6f22096,1
s119ab39afa796390,1
s11dafd79c44ebd2a,1
s11f34b99c1ee851b,1
s11fbd1ae2c9ef763,1
s12492054c6d1723b,1
s128bcfc9864b24e4,1
s13038f0c55df40be,1
s1329acafd6bc8552,1
s134809fde18c458a,1
s134a9641fe98b6ee,1
s138f26fb15e534fc,1
s13903ca1dbef8f76,1
s148b2f4a1080776a,1
s14e25e7420c18d27,1
s1524adf1aa084860,1
s15465c82ce4c377b,1
s1564f88e8f1d17d0,1
s16054d64d7206ef9,1
s16218d786e69c917,1
s16a3550cd5bbc600,1
s1709f2ebe867986d,1
s1731c0ca4ce4c3ef,1
s173f78d35b39c008,1
s17933eaae5a382d3,1
s17f7650f7201f73d,1
s1807f2c9ab457bca,1
s189ecbca2127a551,1
s197593534ddad5e6,1
s1995a136488094fc,1
s19d686ea660ce08b,1
s19db7f6b3cc6d365,1
s19e36e9fe08fdc2f,1
s1a3687e723e7e6a0,1
s1aabd3ea5bd33deb,1
s1ab1eb5a44dc07af,1
s1ac52df9a9777e75,1
s1b15d46dd34d28c4,1
s1b4bb481cd87a5da,1
s1b9de1b9251a9503,1
s1bb13fcd5be00071,1
s1bc25cefc265ed19,1
s1bf482d91e28ea41,1
s1bf49664c3ccca76,1
s1c7fd0f3169d1181,1
s1c9b04f86468b07c,1
s1cd055ee3cde7cd0,1
s1cf1e4c9f82fd2a4,1
s1df03f48d47727a1,1
s1e6a03f5b4060191,1
s1e82ac091f4be419,1
s1e9ef21ea617d57e,1
s1efd0ea73753fe31,1
s1f6237b58ed8d733,1
s2010ffd151762ecd,1
s201285ed733a84e4,1
s206999120c3d0afc,1
s20a4e59b89d21a5e,1
s2127d8785df70f8c,1
s218c970bdd39a827,1
s21a7466e97a73c4e,1
s21d9001914c43531,1
s21e0ec1709a2c126,1
s224b4990789c5ae8,1
s22edf5d098c257bb,1
s23544f8568d94a66,1
s24072bab0079ba74,1
s2422041ce5e92133,1
s24276f8547ef11fd,1
s245b071624eecf6e,1
s24968a0dda13737b,1
s24aa4d25170a466f,1
s24f15b00713a80a8,1
s25448c63d281de8b,1
s2550373db4b4708e,1
s2559bc4c8c071dc8,1
s270ab2d1450b2526,1
s273301f620f06872,1
s277d58d1f6fa513c,1
s278d7704432d7f7f,1
s27e67047e10e18ab,1
s2811884e5fc85d74,1
s286a0c985be7eee9,1
s287bad40d9445f7b,1
s28a40a7f9718fd93,1
s28aa37f59d0cdc2e,1
s28de16a7f86e689c,1
s2aa12e9298931a7e,1
s2ad2572b2c18f8ae,1
s2addd88d9d9111bb,1
s2ae44edbdb679e4d,1
s2aeda7022d482a66,2
s2b3585550b3f3bed,1
s2b99c899f520d010,1
s2c13316865211394,1
s2c1b684f88c6d5c6,1
s2ccf7375f44f93eb,1
s2d36c960095b2038,1
s2da037ddc6dd7fa2,1
s2db1163594d8cce9,1
s2ded30b837ef2b9a,1
s2e726c9001fc73f1,1
s2e9026bb7d4c854d,1
s2ebfcb55d87954ad,1
s2ecddd7163a27b71,1
s2fed1e8a81c2d70d,1
s2ffee274fe97f81b,2
s30076e01d5a800da,1
s30218c0e61b18a98,1
s305a3bf3a30ee2bb,1
s30a5fda92c04059c,1
s30fd73f51b8c3840,1
s30fead711291b55f,1
s310279f4d19b4e58,1
s31d6a08c8ed38581,1
s3200849366627845,1
s32090edc4cb74061,1
s32378b48e543c303,1
s333e29514408835a,1
s3372126149ad5074,1
s33ae57f4cab5ded8,1
s33ff6ea09a26dd98,1
s34149258bdbdca0d,1
s34381f6d531557ca,1
s3487865a39460e87,2
s348f1fb8c62058df,1
s34a2d2e425c43511,1
s34c5682c9461d7ac,1
s34e033cfb25c5054,1
s355b48f91fc15d30,1
s358463440949d774,1
s359f03b1ee78613f,1
s35fa85707372bc0b,1
s364614f7af980ca7,1
s368b76cf5d846023,1
s37f01b3d158035cf,1
s380036b96ec78acc,1
s380c4ebbf480547b,1
s383d708b32882af4,1
s38521d7676e7f70c,1
s3870593812b7a853,1
s3920f0470f7fb5fa,1
s399e725012482d47,1
s39a2662cc2d4b8af,1
s39ec3079e0ee43c8,1
s3a14a4793a4e5426,1
s3a95b2b3fa6ef43d,1
s3ad878f4c4c46898,1
s3affcc1a7099b636,1
s3b424fa4fd0057de,1
s3b8a6dd508641e51,1
s3c447a143b2067c5,1
s3ceae52b7da24458,1
s3db9924984efef74,1
s3f2c4a44ee5c9acc,1
s40204dcd91dfa14a,1
s405f87bb4229c088,1
s406f2186015f19d3,1
s40ef812d2779be21,2
s4125014022b440ed,1
s4134dcd3e23a7d55,1
s41b92845d19ce4c4,1
s4232c45fac7a1c57,1
s4245013b557b6e82,1
s42457ac3033ddefb,1
s426c53d1f33f1c12,1
s4284b76ce525a36f,1
s43469157ebef3801,1
s434873e0f5229393,1
s43fa76f04cc56c5b,1
s4470a0690a127b27,1
s454474d55dfcc236,1
s45f8d28b88f6baed,1
s460e682a18d3845e,1
s463bae6ced4c792a,1
s46924e9ad75fb055,1
s46c9020c34cf1092,1
s46dab9af6e60f9fc,1
s47563b25d6986475,1
s47662dd6d0afa6f0,1
s477a6ce0dc822ac1,1
s478ddf8e085797c3,1
s4797d3bd858c5814,1
s47fe40c0dd3cd322,1
s482065c07602ff07,1
s483ac99095f532a2,1
s4842adb2f27714dc,1
s486b5bca732062e5,1
s48a540063fcab8fb,1
s491fda8ff872343a,1
s494895a9a452416a,1
s494abfc896a2a0c3,1
s499638c80f52df54,1
s4a19fa5143e5e3b1,1
s4a905b13763fc999,1
s4ad13d2992de11c9,1
s4b213abd201a8824,1
s4b5d6a1b81b84d41,1
s4cbcfd1447e97fc4,1
s4ceb4bf5f46d4212,1
s4d04548fb63ed816,1
s4d602f2b2172c678,1
s4d8e9d3ecc499c18,1
s4dd8d8258f2172c8,1
s4e06fcd98224896f,1
s4eb1e77d184eb6d1,1
s4eb9b9bd07836472,1
s4ecca981fc01fbf2,1
s4ee8b23254a6877e,1
s4efb7630166c810c,1
s4f3ba6f137ff675b,1
s4f45a385c88a6629,1
s4f4d68d732f12827,1
s4f6fde5094aafff6,1
s4fab0869cd1beb0b,1
s50166767ee5e8024,1
s502c774f6902afb0,1
s50839755a48a4d79,1
s5083e783ded80cc5,1
s50a06b70c101da46,1
s50b813c74beca338,1
s50e54dfbb9464cb4,1
s510e4f97d75f40ee,1
s516148da3f66a214,1
s5224327339e15ffa,1
s5270ba4bce55539e,1
s5282b1746e62f049,1
s52c6f9e5a8d8c9ce,1
s5366ed7ae7d08d6f,1
s54196128a8f99f62,1
s54258c8040a08f2b,1
s545c8a36530bff2e,1
s54690374b38192b1,1
s549bba93e8d29e07,3
s553df8eaba3e8878,1
s55519aa017664010,1
s555830f6e6e654c5,1
s559bc0e2823d09fb,1
s55debfd027009479,1
s562765f7b92c612b,1
s56723a8951ed30d6,1
s567a3d15bcde39ba,1
s56834dc14bf202e8,1
s56e96d3b52d0c68a,1
s56f4b37a0c41213b,1
s5776d61ec9b304b9,1
s579504bb908104d9,1
s5836fe07b590402d,1
s585e19d47c332034,1
s5876fbce8797ef8b,1
s58a5bfc6cf64784c,1
s58fa58aa60ee6097,1
s5965ae12b834c245,1
s597251e400971f74,1
s5988cb1421b105bd,1
s59ce5ce9a0d9c97e,1
s5a2dbfbb44e8ed37,1
s5ac6dd4292ab98cd,1
s5b774597943776b2,1
s5b9afb74aa251980,2
s5bb6ec944331bbb6,1
s5bd3497ec9add856,1
s5c7f18448868ba42,1
s5cb3aaf2091ff464,1
s5cd86240b5e54fa9,1
s5dbbfaa6ab495dc1,1
s5e4717c94926ee7a,2
s5f3eaa4695e99770,1
s5fbcee22d1a226bd,1
s6136f9be8ea3b50d,1
s61ab275023010bc2,1
s61be40c290412ce0,1
s62a1ee0066a0f49a,1
s62d4296b8b8e4a3c,1
s632049ce10d478f6,1
s63436b77310777f6,1
s6360035b1edd58b4,1
s636581cca14b1b04,1
s6392ec96f5becf2d,1
s63ab74db5eecdb2f,1
s640fbf583c1e0750,1
s64316cf1569d8e37,1
s6456f783aac14816,1
s645fc70c8f482dc2,1
s6460c12e00850a76,1
s64db6402899a7c71,1
s64deba54e9a526be,1
s652c11ded847589d,1
s652ddd0d05c21f90,1
s6586111b79f2b46f,1
s65b646a511905755,1
s65cfab1b39ec8ade,1
s6636b865a7b0f381,1
s669185f92eb1a00d,1
s6727fd498efa1f2f,1
s679df6e6c086e5bb,1
s68110c5d2834333f,1
s684bf27134017a4d,1
s68783ea64569af23,1
s68bda0a529513169,1
s69562d858b5ca2b7,1
s6995f0048e01fd65,1
s69996ec4e0ce2ee9,1
s69fe5038a32345d4,1
s6a1349e4a2a0ed3a,1
s6a1ae3637c9fdaa2,1
s6a625a25c8573f81,1
s6aafa033c16537a0,1
s6abe5da45abe2df0,1
s6b16b69794e679d1,1
s6b57c3d415e8af38,1
s6bf898bcca18e285,1
s6c2a602438c579e3,1
s6c846d94dd073e01,1
s6d0563fe53655bec,1
s6d449c0f13e9776f,1
s6d5c8d9ad1925e11,1
s6ede3ce9fc245b5c,1
s6f036a3e73167e86,1
s6ffb11f95b6ebc27,1
s7043aa74026a0354,1
s709f655b84d33506,1
s70aee098ef920dd3,1
s70b8e7b74a5a1de4,1
s70e2eca73434c107,1
s70eac96f10e1e7f0,1
s71463c5b5fad5bd0,1
s7204caa3f51d8975,1
s72583b58c9f9301c,1
s744e01dc1a39f387,1
s746801247fdd58e6,1
s74718cad2cecca40,1
s75293e0e2641cee2,1
s75e591fd97d42d26,1
s767e9996d195ddd4,1
s775fdb16b7485141,1
s784f2a472acbeb89,1
s7872a5a58e84e331,1
s79da4adca6bc25b5,1
s79f93b3a3254e5fd,1
s7ae830182b9ce42f,1
s7cb265712187738c,1
s7cf1d5d37dee05c5,1
s7dbad38d3d5703c9,1
s7dd851e0c3c5d750,1
s7dde1be5994cf6c8,1
s7e00d5b08ea2aa83,1
s7e12315282beab33,1
s7e4361c6bf193ceb,1
s7eb2ed7eef7fcae6,1
s7eb7dca88805235d,1
s7fbd03f5856c798c,1
s809603cf3f739fc5,1
s8126e0483211aed8,1
s815c8448dc31f1d1,1
s81992e5836484a12,1
s81db7fcb80e04497,1
s833c6b11683c80f5,1
s834f5e0cc272d46c,1
s848ee54a7fe6fcbd,1
s84eb5091ce256850,1
s84f2727b6d3b1362,1
s8563ec033980e42a,1
s85bb4eacec9ec123,1
s877c90df53a93f78,1
s87a6ed19c8ee0282,1
s87c67bc55d10d89f,1
s8880d31e488556b7,1
s890ff5edbf8b7105,1
s89147a9c7fa7a9c2,1
s899f2bb12d490ac8,1
s89f61f75b2eccfa2,1
s8a56116b39648812,1
s8a68c6bad161eced,1
s8aca89019ba7c971,1
s8b0fadbf91c9f35f,1
s8ba2fb08744d2688,1
s8bb37d05c45f0a96,1
s8c96ed6062668b2a,1
s8cb01781ae670fd5,1
s8cbeb77e5c426c69,1
s8dac8c261c4e3bd1,1
s8ecc080214890a59,1
s8f39e6997dab09d5,1
s8fbb5e51eeafaa18,1
s8fcf2f173529c7b0,1
s8ff8fec7ac321422,1
s8ff90b44b3df2677,1
s90b0ad61666a739e,1
s90c73fd35752a6fa,1
s90e4a82b2c0c37ca,1
s912b17283549c412,1
s91379e29318cdfaa,1
s91d30c0c419d78fd,1
s926b6e2540da1f27,1
s928ae7b1f8639f25,1
s92b3257e86a09ca5,1
s93a520b149d0b347,1
s94392ec3d9306593,1
s94caf6740ff8fa3f,1
s951eedcca1c38f29,1
s95a00fe1bb4204cb,1
s9763669fcb4ddc2f,1
s9781732c3f26ea5d,1
s982bcb23cd3d48fb,1
s99361cc034af07cc,1
s9936b7cf3b84b8c0,1
s99683279298ddf7e,1
s99c10f5c53da16b0,1
s99d1488439779ed9,1
s9aac353235c06488,1
s9b04694d860e821b,1
s9bcf75d36953ea04,1
s9f10a1fb76493d8b,1
s9fdf89013f64d0e1,1
sa1480d9a47ec56b9,1
sa1c534efb5584796,1
sa2599019e3eefa25,1
sa2796d505fb844b9,1
sa2fa93d2d48f47f2,1
sa315a56c593c078b,1
sa321d7ccb57785fc,1
sa48e5a1d2fd47672,1
sa4fab6c63feef552,1
sa598aecaa5250b21,1
sa6404838b6ea6c85,1
sa6a1ffee24992773,2
sa70a0e66734f7cbb,1
sa7b22e298adc8ebc,1
sa7f2c952b81fee79,1
sa95e2818c3f7334c,1
sa9b8676314083c13,1
saba193a5e028dc0e,1
sabae48a66cdc1739,1
sabd1775447361a2d,1
sabf6b7cc5548c881,1
sad1244409afaa969,1
sad4736b7c3eb3c19,1
sae0237aeba97a82b,1
sae426617e609ee1e,1
sae46f02ae6759fce,1
sae7206e6015a5438,1
safca0375eb878622,1
sb014afef2eeaeb8f,1
sb0901cb3b8da51ab,1
sb0b5d2fadd14a439,1
sb16857eb45f1629a,1
sb1914b17cb0ff22e,1
sb1cc63c6d54c3db8,1
sb1ddb5fa24625507,1
sb1ef884d159bcc51,1
sb206fce4d9c68402,1
sb25312a4e8031a85,1
sb45ae0b1b9fa2277,1
sb50d55a765595d82,1
sb6e4cc860847a462,1
sb7f2dfb5ebdd0c7a,1
sb83ddc1a009f7657,1
sb928ea4f75a1a889,2
sb99191a802eb494a,1
sbbfffd463b1f4cef,1
sbc31d4a6d5916b9a,1
sbc8035ff6944a8e5,1
sbca8c08e89a6bc80,1
sbdb2e6c83921fc34,1
sbe0c9e1e94ad5ca0,1
sbeb930b3d9626a8a,1
sbeeb0d0171a2a8ac,1
sbf1445715fe8f3c2,1
sbf752728b0d2e61c,1
sc02285b2fc7566ff,1
sc0a022c37a6e39e1,1
sc0e0834141c90a66,1
sc1810831721abe3b,1
sc247d1480541f721,1
sc2a9987dd2c13129,1
sc535e5e024e39c63,1
sc553103b89d50967,1
sc5be842bc955dc0f,1
sc5d10993c68e6c1a,1
sc633ffc42ce0f09d,1
sc7fbbc8309de6f98,1
sc8431cb76b836a1a,1
sc881fd8c74377a12,1
sc8a92aca091cc5bd,1
sc9d3cb6aae0e0816,1
scb02bdd53b9cb8a6,1
scb1dda4c8280314a,1
scb5c4d33362910cc,1
scbac09f35cee8075,1
scc3916290767de19,1
sccc123dd8b0201da,1
scd897379ae7a58d9,1
scde8f81ae4db6f1d,1
sce3d7a911058be86,1
sd1805f746f943bdc,1
sd1a0fa6d98164cf9,1
sd2007d32e2a5c40f,1
sd2a88ffa299a26fb,1
sd2ff500ee31d923b,1
sd31d045e3dba507f,1
sd403373c8c081324,1
sd53b035d52cce715,1
sd576753d66e45bfe,1
sd57df81e9fab7cf0,1
sd7a1c448a48c7f14,1
sd7ef906738c65801,1
sd8228b85f5759f43,1
sd8b047b782420f44,1
sd8bef812a6998ad5,1
sd9bd98462ce814c6,1
sda81ca9469ba1b3b,1
sdae74077889d0581,1
sdaf48566719853af,1
sdb6278f6356635cf,1
sdcfc98546b9b692f,1
sdf299e9b722021fd,1
se0d9cf8972ace287,1
se0dbebb58b3a4ebe,1
se0e287b68998802f,1
se0ed80d86eb1fefd,1
se1c0c00fff63502d,1
se23f114477fa9ebb,1
se24671d76128e446,1
se42d3debe2f51494,1
se430d4c46b20cd3e,1
se5c89515aff3ebc6,1
se747e95d0efbc9d2,1
se954f812885b6055,1
sea7080ce442e5b58,1
sebce0bfb0d8468aa,1
secb0e7928d4041b2,1
sedc62f87597cc34f,1
sef6dcd13090a98db,1
sf09853f56977e940,1
sf09d388a61c3f5bd,1
sf0ab3b0883f634de,1
sf18de84d14b13777,1
sf1ce8c9b949b9277,1
sf38c7f596e899894,1
sf3f0ee7e9869873b,1
sf3f8eb650defea42,1
sf40e80e25c6b86d2,1
sf4cb9e0aef2c8cf3,1
sf7673afe8139b91a,1
sf808d07339047a32,1
sf87d78117b3b2de7,1
sf900c9eb9e83bb86,1
sfc4b57923da5e147,1
sfdc10172ab29b537,1
sfe83c83422dc4ce3,1
sffb14340d4076d16,1
