id,lang,label
s000655c1a02c6d94,Python,1
s000b443fe22c443c,C++,11
s000cdd1461caaa98,C++,9
s000d96d0465345e6,C++,19
s000ef3fa9a9bf48e,C++,48
s0012e0db2c734bfe,C++,12
s00247a3dfe156b57,C++,81
s002dc203fbba023b,Python,18 19
s0035e8255e8c5969,C++,28
s0038d9ddfc198ae9,C++,25
s003ab061f99db0df,Python,78
s004c0f6cbbb9a980,C++,45
s004db6f3f9b563de,Python,8
s0057cd890bc167c8,C++,30
s005cd3106e1f8387,C++,76
s005ff0f088934a20,C++,50
s006464684adc3d24,C++,106
s00646691b20b3a96,C++,8
s006eaa6572b9b14d,C++,44
s0071a39c601fd0d0,C++,5
s007d5e01b9979e5c,C++,24
s0084a3c24666578e,C++,11 13
s008ef13548f27c78,C++,56
s0097cb2419721f1f,C++,8
s0098515e58bfbb57,Python,8
s00a98840d95197d6,C++,41
s00ae354fb980c1bc,C++,13
s00b3e2f46dd71927,Python,3
s00b5f7918fae5bc8,C++,11
s00bee7f66abcfe39,C++,13
s00c49a5f282d7f5a,C++,8
s00d390a6f82ab1a3,C++,79
s00d7686ae816985b,Python,7
s00e0adc1a97e4d89,C++,6
s00e42e15486ceac5,C++,14
s00e63efb29ffc51f,C++,20
s00f31ee30dc117e5,Python,38
s00f91fbff1403e46,C++,21
s01009bf52b21f6e2,Python,5
s010e35225af8eaf1,C++,13
s01105c1ede916a6a,C++,5
s01205937e50980fa,C++,13
s01207c170ce5350c,Python,8
s01223b45086b00fd,Python,6 8 9
s013820f4dff03942,Python,35
s01433b243618c8a5,C++,64
s0143a17ddab1fd2f,Python,4
s0144b48f8892f622,Python,6
s01502552eb2938f3,C++,22
s01531e5439da2bc4,C++,44
s015643ea17fd0263,Python,12
s0167be3441a9620f,C++,50
s016ad7353c2cc4a3,C++,13
s0174d40d5eef9c8b,C++,12
s0183044459bfc5ce,Python,8
s018aaf58f0f50aa2,C++,8
s01952d94fd9bee06,Python,14
s019837f953965ea0,Python,30
s0198f7173849c54a,C++,11
s0199a65b45f97bf7,C++,29
s019c9ba675ceb44c,C++,39
s01a2b4d0a95d0c3b,C++,5
s01a81be85f5a1590,C++,19
s01b30ef3fd97ff37,C++,31
s01bfb2036783089a,C++,36
s01c4255343cc1942,Python,46
s01cc0a1cf744d0a7,Python,9
s01cf684777ed3499,Python,8
s01d06d6fc7d6934e,C++,10
s01d5df798e66de99,Python,14 15
s01f08113c0f9ba6a,Python,6
s01f5fd4988e08cda,C++,59
s01f7df34889f73b4,C++,48
s01fd30c507058853,Python,6
s02043bf4ad778d88,C++,31
s02060c9d897854d8,C++,80
s021648b333deabce,C++,34
s0217b8f47d21c6e6,Python,71
s021c6cad4a7d0e8b,Python,45 46 47
s022102c29729513c,Python,22 24 25
s0223b94fee832cf9,C++,12
s022eca860c8ddbd6,C++,9
s023ce8814b706873,Python,17
s025d159aba4a08c2,C++,27 31
s026709c4a582f005,C++,46
s026e97671f80eec8,C++,20
s027287cbd6cd6a76,C++,15 112
s028ddd1379746c55,Python,1
s02a501a4d4aaed36,C++,6
s02b0a753a770c0cf,Python,9
s02b1e074ccb2bf02,Python,32
s02b21b1c7755c9b6,C++,20
s02b74a57e8d2e3ef,C++,18
s02c2d474cbb2c800,C++,55
s02d72da18c20e2dd,C++,49 52
s02e2070340f8c76d,C++,26
s02e3100fbaeede9e,Python,16
s02e79cac75fa8a46,C++,65
s02f0878348401ef1,C++,15
s02f735f6ec6bf772,Python,21
s02fa616675b6a9dc,C++,6
s031582b911b91e4f,C++,27
s0316243c20515b6a,C++,74
s03172eabd67a9108,Python,29 30
s031cda910935ba94,C++,40
s032217f0c34e9bd9,C++,58
s0329123702ddecab,Python,9
s032a58924256f632,C++,75 106 108
s0334ad90b35bf74e,C++,29
s03410845e52dac8d,Python,3 54
s03413c04ff2127ac,C++,62
s0348cb555215a602,C++,28 30
s0349331b2bdecd85,C++,16
s035b542de11ae9ad,Python,10
s0365f8d381786e6e,C++,7
s0377748f707b3a37,C++,5
s03781eae736e44cb,Python,3
s037a1de1957680ca,C++,22
s038afca586b880b4,C++,5
s03979dd4e63f45ec,C++,20
s039c15aa29d2465c,C++,16
s03a5e53ff024e3a6,C++,29 34
s03a983427fe5306d,C++,51
s03abc5d313713429,C++,49
s03b694be1367adf8,C++,9
s03be98dd2299c46d,Python,3
s03c6de3e702f1a88,C++,63
s03c75dc18ef3af0a,Python,6
s03cbb10f7f6b1198,C++,74 87
s03d42a9bfd5af991,Python,25
s03da6ea43acfbe72,Python,3
s03dd2ac51a3cf509,C++,53
s03ed35467421cc29,C++,26
s03edb3d9456cb602,C++,6
s03f11e17014a5cb0,C++,86 89
s03f779d205a82375,C++,66
s03fd0a8c38ff2aca,Python,11
s0404eece282b1c50,Python,9 11
s04051c59aa93f11a,Python,1
s04170397bb8bdda0,C++,22
s0418d8397201f292,C++,15
s0419147b04741c48,C++,23
s0429c5743f142951,C++,8
s0429f896af8b942a,Python,9
s042f6bdb3fb5ad92,C++,23 24
s043f78ca5aea8af4,C++,26
s045b3e46a6c9491f,C++,56
s045ce5ae127faf1b,Python,5
s047124eb6a8e477b,C++,55 56
s047954edfbf96f91,Python,10
s04956226f401bd38,Python,3
s0495bbce189352a1,C++,45
s04a04a4d8cfa747c,C++,3
s04a4585985c36ba7,Python,18
s04ae5f4ec8be1fc0,C++,7
s04aecd8422ad5e90,Python,4
s04b01b440220abb3,C++,30
s04bbcf3fe222e2a1,C++,45
s04cbb943add7f0a0,C++,9
s04e33f030b9b8c3d,C++,53
s04e7fd4dc155773a,C++,32
s04f1981cf22f33b9,Python,20
s04f214f558ab6ae1,C++,48 49 53
s04fc4713129523bd,C++,24
s0503068e0ac75f7d,C++,4
s05067778c2648efd,C++,8
s050e550d077c925c,C++,73
s050f8ba327f35cef,Python,1 8
s05191f41ddc766c8,Python,12
s0529cb972f870291,C++,56
s0546a7df2a47b937,C++,27
s0548893f85b5caa3,C++,9
s0549c74d013544a0,C++,28
s0566801a98c837fb,C++,9
s057ee1e27c760804,Python,7
s0587369ae4daae1e,C++,52
s058e8a5d686e7d05,C++,21
s0599b418936d85f7,C++,22
s05af6593db118487,C++,108
s05b312c180f9cefe,Python,9
s05b61c1943423bb6,C++,23
s05b711af68d35765,C++,16
s05c041f6768aea6c,C++,16
s05c2e6346f26fcf1,C++,23
s05c4df2b6ff55276,Python,7
s05cd08691354cdb6,Python,20
s05e076fd175e92e9,Python,3
s05e2eaa2d0035f21,C++,33
s05e3de5694a54016,C++,7
s05ee549a0b8265fd,C++,7
s05ef0697d8717e1c,C++,12
s05fd27a2d04e14f8,C++,62
s06023dd88435e98b,C++,93
s06064c1a2147d118,C++,51
s0609c777335c7b19,C++,29
s060c4b4390792b11,C++,32 41
s0619e9867c2cbaff,Python,8
s061e0bfd34726353,C++,38
s062dd376f91fb416,Python,4
s063d81b7d4a352c7,C++,25
s064b4584f798d73a,Python,37
s06519a3c723f7774,Python,8 9
s0651b1e273b66459,C++,35 38 43
s0665d92a21221863,Python,5
s06707c82d468dbaf,Python,14
s0677232e93176139,C++,13
s067c65c67443569e,C++,24 30
s068df4cfcfc17bcf,Python,6
s068e8f106d1bdf40,C++,63
s0692d218319cab12,Python,1 2
s069401a070977e59,Python,9
s06a0d5b66e108cba,C++,70
s06a57b22f2264c97,C++,15
s06a5e07b18710f75,Python,35
s06ab1cb1b83f3161,C++,27
s06addfc1d282e342,C++,8
s06b45778cd123dcc,C++,5
s06b74329fd89d5a6,C++,10
s06b8564170faaac2,C++,55
s06c28986de337780,Python,12
s06cd4a8a62fbad8b,C++,10
s06d54cc8cfa517c0,C++,17
s06d5ceecf0ff900e,C++,49 50 52
s06d6be489a94f635,Python,16
s06e085191d30c6b3,Python,6
s06e58b5d21a547c2,C++,59
s06ea3e15b20535e2,Python,3
s06ec48727eaf6830,Python,16
s06f7fc5687a55ee9,Python,8
s06fc68719c45bc89,C++,26
s07039251417a1f81,C++,14
s0706ae141f47a051,C++,12
s070c255b525bd467,C++,35
s070c4c40d3462928,C++,46
s070dd0bc7a9957fc,Python,25
s071559984f66507b,Python,2
s07256b88ebf629fa,Python,6
s072746868491ef5a,C++,60
s0728c4d3f450e7cf,C++,7
s07294e5e65912d45,C++,16 27
s072ef74eb808345f,Python,3
s07331683a877ab4d,C++,47
s074a2bedb4f3e491,Python,5
s074eac0e13d57349,C++,26
s0750b53b28445889,Python,3
s07618cc9df2657d5,C++,36
s0763f6b77dbbcb52,C++,13
s0779238b4205b314,C++,45
s077b378e07f46d65,C++,20
s077d490bc3497fd3,C++,64
s077d49b2dba5a65b,Python,4
s078f8949c7288a47,C++,21
s07c884479e02a43f,Python,9
s07dc2bbdc8bc5906,Python,4
s07dd0579a8ab1baa,C++,40
s07e5acea11fe22c7,Python,8
s07ed6876f6ebc1e8,C++,4
s07f98ddc9a222284,C++,10
s0800b7960dd5a6bf,C++,71
s08063299aa835f81,C++,47
s080d99efe7384114,C++,60
s080db1a12e6650c2,C++,81 103
s080ee7b0fd06aa2f,C++,78
s0812ea571c1ad5d0,Python,21
s08138f98c59b8774,C++,62 65
s0814165fc1dfe1fb,Python,84 85
s08144a62646e5122,C++,18
s0818bf7013200569,Python,3 4
s083fc56ab3060b7a,Python,1
s0843b25f28caf0e1,Python,4 34
s084459a37a8c265f,C++,37
s084c28e819c54b42,Python,15
s084ce4fcb3e6a493,C++,47
s0853fbde7c68b47c,C++,24
s08591fd3536f1161,C++,38
s085ad5e514cac13f,C++,22
s08638ec7a7132c42,C++,59
s0868f385839a53f1,C++,32
s086c04ee73a6a313,C++,14
s08725c7db32f3c59,Python,36
s087336281ea7a862,C++,7
s08817660fedc5607,C++,21
s08832cded5626b71,C++,23
s0890515caea757ed,C++,23
s08932bbed7516c78,C++,49
s08969cbec0397a85,C++,6 7
s08c890dc0d610c00,Python,6
s08d9e8434cfc5e90,C++,21
s08e6e7bd72645fdf,C++,43
s08e79ae6d887f28e,C++,77
s09039ebe44dd17df,C++,48
s09060e6757a7962b,C++,91
s090959e618bdbfea,C++,30
s0937bc93039de6b7,C++,21
s096571484afa1522,C++,9
s09805ec0f7e034b1,Python,89 90
s098c8ea8c95bacc7,C++,25
s09a5b7f1e70f0ba9,Python,43
s09a9abfc064f087e,C++,27
s09ad67cb7f59801a,C++,34 47 50
s09b93d23e2f7d166,C++,79
s09cd8ea70d0118f7,Python,16
s09d5de66765dbda1,C++,28
s09e9ea04db736725,Python,9 11
s09ea8a0e35b3ab1f,C++,11
s09f1bbbebcf9690a,C++,7
s09f1d6c8f75225a8,C++,3
s0a08e3568d65cc3e,Python,13
s0a1714002a5aa075,C++,15
s0a2bbf87ff10d575,C++,18
s0a3a96e94783a349,Python,1
s0a488702ce823be0,Python,26
s0a48ac20aabd7f4a,C++,15
s0a4c4e0b3519fa8e,Python,14
s0a517d6db2b1cd29,C++,46
s0a51dcf5876ae911,C++,28 29
s0a58436b02c02f38,C++,38
s0a604da0cdead1be,C++,61
s0a657a66105ad16b,Python,2
s0a6671e2d6fbaf84,C++,85
s0a68edebf2e259f3,C++,4 6
s0a814cedbe1f43eb,Python,3
s0a8952aa61dad093,C++,39
s0a8df897375c1cfc,C++,23
s0a90113f737bdc22,Python,11
s0a9c4e9458b17461,C++,69 70
s0aa559fd8702f043,C++,18
s0aa7f22c2154f11e,C++,22
s0aa8d13aded29429,Python,36 38
s0ab3cbd24bc12bc2,Python,3
s0ab782e8ff27f096,C++,45
s0ada7af94019c97b,C++,26
s0aeb8959e0733ad5,C++,60
s0aec136ac456a17f,Python,18
s0afe105ca559b37a,C++,58
s0b04b0d4635fdd12,C++,7
s0b0e7f7f38b286c6,C++,43
s0b10262cd718d914,C++,8
s0b132aad7a518c85,C++,31
s0b186255f1b0d907,C++,7
s0b19e6d7c91c7142,Python,44
s0b1e482ca2c05d9d,Python,8
s0b250f46381673a2,Python,2
s0b2d9139b1b2be0e,Python,7
s0b3a0eb4dac1232a,C++,3
s0b3a2748af6ebb3e,C++,7
s0b4a451d25e3fbc8,Python,30
s0b512f8ffb2354b9,C++,52
s0b6c6f4aaf608cc3,C++,97
s0b6edbe1c14e11b4,C++,32 33
s0b7b5c1fc16d14d0,Python,2
s0b7c1b3d1dc003f1,Python,27
s0b7d43b804785cfc,C++,91
s0b81cf83868aa8cb,C++,22
s0b8240659a07d558,Python,18 26
s0b83ec164a7e6b2b,C++,16
s0b87ac10c4287fb2,C++,12
s0b95f7dcf5a7efa7,C++,6
s0b9db98be4fef969,C++,44 46
s0bab943622ecc1e1,C++,20
s0bb29b35e72a283a,C++,75
s0bb946075d3635dc,C++,10
s0bbbfb4f66063adb,C++,49
s0bc266845d10c74d,C++,30
s0bc8422d040a0670,C++,24
s0bc9fca31fd9ab60,C++,11
s0bd49d6b0cd9b97d,C++,93
s0be4e1698facff9d,C++,64 70 71
s0bea4990e5f6bcec,C++,80
s0bf4e58b64f6bcc9,Python,4
s0bf58290e9125986,Python,17 27
s0c00d6a457ef0f9c,C++,61
s0c08f9b47b108be9,C++,20
s0c2d32665a4322b4,Python,11 12
s0c559377196afdcd,C++,28
s0c62841c02bd732c,C++,102
s0c67866d6b4b1f1f,Python,9
s0c738fd1bbfe4768,C++,24
s0c7aa9c34e206ce2,C++,41
s0c87ce5c2d942a0a,C++,46 52
s0c92db6233f4f3df,C++,29
s0c931d1f58c51220,Python,4
s0c951af9f3fb5e6b,C++,26
s0cab725cd26b374f,Python,13
s0cd7f874ae8a44a5,C++,13
s0ce25923f0acfed3,Python,14
s0ce307353e59cc20,C++,62
s0ce3934ac50cd83c,Python,12
s0cee2cc8caec9ecd,C++,24
s0cf07d940df67e97,Python,3 5
s0d031bd82e5bc881,C++,58
s0d110ad0980554c4,C++,35
s0d14ea7c11064741,C++,28
s0d1993ec24fd3b62,C++,29
s0d19f3dd7834a9f5,C++,9
s0d42ecd67da69535,C++,35
s0d456833d151386c,C++,35
s0d4b3567b6f1c3bd,C++,9
s0d53184fb939df59,C++,45
s0d5dcbbe2c64d030,Python,1
s0d6bde3c29f5833a,C++,64
s0d729235b85e1e0a,C++,27
s0d7583b4e0a65e75,C++,40
s0d765346dba71d7c,C++,71
s0d823f2ebf846769,C++,68
s0d8262f5e1ee26b0,C++,32
s0d907ed85bf7dc8e,C++,36
s0da4395591d099fe,C++,16
s0da8280d19ca741d,C++,57
s0daa54eeefe0a046,C++,37
s0db1dca23c01f951,Python,2
s0db9ee72deb392f0,Python,22 28
s0dbda5a24213a2ae,C++,26 27
s0dd9ddb769712531,Python,1 2
s0ddafae838c3c062,C++,29
s0de43ede344c602e,Python,2
s0de51735425caa65,C++,72
s0dead456f97b3250,C++,58
s0df44d5d22a6dc35,Python,15
s0e0037a40bfef8e2,C++,9
s0e02a25fd3b6881d,C++,6 66
s0e0d3cbcacc9aec3,C++,13
s0e198df8a3853cfb,C++,18
s0e21282639e2e605,Python,76 80
s0e257fc980673287,C++,26
s0e34b5fa533b20f3,C++,15
s0e413aee345b98fe,C++,13
s0e4b1a8928df7042,C++,87
s0e56021a53308b04,Python,8
s0e65cc8a82853e66,C++,11
s0e6c7393496b47d5,C++,19
s0e813ac3b696ed61,C++,6
s0e863a98ac70d55a,C++,15
s0e980e8e38290d2e,Python,8
s0e9c7a4a05023a2b,C++,63
s0ea1faebf8cc0c45,C++,19
s0eaa7d8439ecaaec,Python,7 8
s0eaba610d3d17e95,C++,7
s0eaf7ee40cdc6dc4,C++,6
s0eb12c9cf1257b54,C++,47
s0ec0956c7813a41a,Python,6
s0ed5afed8f45cc45,C++,67
s0ee0963cbe98298d,Python,2
s0ee1dd12d9f32527,Python,10
s0eeffff542d3a08b,Python,13
s0ef278ed7d880899,C++,20
s0f073d0ffdb75061,Python,50
s0f1192ab53205f10,C++,6
s0f1bc528924aaaa0,Python,8
s0f204a6b6632b30e,C++,26
s0f34e06656f4c920,Python,6
s0f3f6c545cde0be2,Python,2
s0f415c7be18244bd,C++,63
s0f41e0f2b35cb9d4,Python,76
s0f4a0a10c206c8f7,Python,11
s0f578424d5c64e17,C++,15
s0f5b8fc9f75c622d,C++,63
s0f664018a4fd1377,Python,4 5 8
s0f680307d8b2bc3b,C++,7
s0f7de4b5ddc819f7,Python,7 18
s0f8036fb124c6366,C++,65
s0f837018a778ea2e,C++,55
s0f8c350395923fda,Python,6
s0f8e8ac718d9cc11,Python,27
s0f920af8568c58bd,Python,2
s0f93b97f290163b3,C++,76 78
s0f94477dcffb67c1,C++,9
s0f9944d3063c6de9,Python,20
s0f9a76382206d540,C++,2 23
s0f9dd102112cdace,C++,25
s0fa107eb084e335f,C++,15
s0fa8b4f2e68201a1,Python,72
s0fa8e5a70c9cdc6b,C++,42
s0faa6674539a041b,Python,11
s0faca1ec6bdb598b,C++,8
s0fb0c5f335801083,Python,4 5 6
s0fb1ce0954644483,C++,20
s0fb8b0c64a67e766,Python,14
s0fbfcf38f8e26787,C++,24
s0fc07cdcb66c0778,Python,2
s0fc174d0dc946e40,Python,21 22
s0fc74cf071e65360,Python,5
s0fded530c9a2afac,Python,10 13 14
s0fe0c35239e58706,C++,67
s0ffc4cefcb1acb0b,C++,20
s1003325327bd791d,Python,64 68
s10074e6e995009c7,C++,14
s10075ccd8f32e95b,Python,7
s1008eb0d7fb3f6d7,C++,41
s1024fb10bb766228,Python,1
s1028e8acffbe3cc3,C++,94
s105a4b5ae373a3d5,C++,68
s105e51962acf2e5b,C++,34
s1060ffb5a7ad9ff5,Python,4
s1061a963fe2ad1cd,C++,8
s1068cd77ad674b51,Python,6
s107759296e321bdd,Python,34
s1083cda1e4b16d49,C++,13
s1084c847d357000a,C++,21
s10880e8bb1c95bbb,C++,79
s10a13b27c292796e,C++,42
s10ae9498043062c3,C++,7
s10c3be564237d609,Python,9
s10c428dc49d06b89,C++,19
s10cddbf147ec52fd,C++,4
s10d2f312b0f4edbf,C++,44
s10d41fe88fbf1b58,Python,8
s10e58c29281f2878,C++,34 36
s10e6a84fba7b8b74,Python,8 9
s10eec664113a2a86,C++,21 26 27
s10f8e54e8b398ef3,Python,28
s10fd0aabc1980291,C++,16
s10fdb97517211b29,C++,23
s110662c2c47919ef,Python,8
s110a954e47b2f6e5,C++,15
s110aae14e9de3fc6,C++,41
s113c005fcc489986,C++,38
s1140c82ca7095281,Python,2
s115281c114b326d7,Python,13
s11536f18f5f5d3b7,C++,35
s116001736084e14a,C++,74
s11638d6731007176,C++,7
s11842a0d911c7847,Python,22 24 39
s1188aad88ad4c48d,C++,33
s11914eefdab1bfb7,C++,47
s119bbd76c19ab274,C++,37
s119e3287fcca0f54,C++,49
s11bccc32698b2213,C++,25
s11ced46e58b65fc8,C++,17
s11d0f0f5e4d1a87c,C++,97
s11d65cc43fcdb8c3,C++,70
s11ead7e1b77321ba,C++,33
s11f391969398b8ad,C++,23
s122245f51ff9f02b,Python,6
s1228d418667f42c4,Python,6
s122ad51d80a7fdce,C++,7
s122c2db7834e650e,Python,9
s1234ce4cd1810405,Python,6
s123666940db12e12,Python,18
s123bdc953c08bd7f,Python,3
s124d31d02a9eac0b,Python,5
s125ba32a5a2bbf53,C++,20
s126472a2eeaf72a0,Python,11
s1284b196403e1d72,C++,22
s128c96dcb2ac9e8f,C++,10
s12a82dc41e0c84c1,C++,31
s12a8bb98269be683,C++,10 12
s12b3c8eedee2f0ee,Python,11
s12bad3e3bdb4dc85,C++,10 11
s12bafbaa6a42655c,C++,70
s12cacd2ec5232aee,C++,48
s12d213343585797a,C++,72
s12d91e6f5b1e8391,Python,4
s12e4825635d028d9,Python,10
s12e9779195c21852,Python,19 20
s12edc3764b7a798e,Python,48
s130525c049ab76be,C++,17
s131222e6cc1e5c6e,Python,39
s13128015d56ad79b,C++,15
s1314bda53c52454e,Python,2 11
s131dc57ef3bb7dec,C++,25
s131fe563ea0594c0,Python,38
s13250785a2d565b9,C++,31 54
s1326acd6819aa002,Python,17
s1329d7e472489036,C++,44
s132d5051c229114b,C++,48
s132df27407d11e2f,C++,11
s134021b74995ab45,Python,6
s135733a069bb1c28,C++,31
s1358cd8f64b12c95,C++,9
s135a4679ab854243,C++,57
s135adf68108fa932,C++,32
s13656c92fe5222f2,C++,29
s136db1af14026f81,C++,85 88
s137b1bb15f2786e5,Python,39 40
s137ff2e1982ae6aa,Python,2 3 4
s1380f6a5174757e7,Python,77
s138665b5c06d956a,Python,4 6
s1388dda0cddd2f9b,Python,5
s138913795acbc2f4,Python,7
s1398885122cc5be6,C++,21
s139eef2712c15925,Python,15
s13a006f2d149b497,C++,15
s13a7bae4750cb36a,C++,49
s13b29cb5b1d6f6f1,C++,42
s13b804e675d6ab36,Python,28
s13b952de4e777db9,C++,11
s13bfa3617f87c48a,C++,55
s13c55ee49406721f,Python,11
s13ce01bb9b4c5e2c,C++,101
s13f348e1634374f1,C++,88
s13f44a9704ed2745,C++,10
s13f80985b5488cf1,C++,21
s13fafd34b0dbc947,C++,55
s13fddb7ae3c1ff5a,C++,44 45
s1403b5c426e6045e,C++,9
s1415757c7936faaf,Python,6
s141caa6e451c4b9f,C++,7
s142586573e71a238,C++,14
s143b87aa2a12a613,C++,48
s1445ff0ef3c85964,C++,50
s144a8c66ab9772fd,C++,60
s146da3692e226769,C++,5
s1470c5ae03d84f22,Python,8
s1483ba47b0786dfe,Python,3
s148a961840508e2d,C++,24
s148f96392c30333c,Python,7
s1494fd35e8c3038d,Python,5
s149d1bcf360d28f0,Python,50
s149d7eba2da8658d,C++,54
s14ac710acecbf400,Python,1
s14b5c3405b8d1e32,C++,7
s14d3b753f30ea705,C++,60 61 64
s14d7604e9b1b2474,C++,16
s14daba558c84e7e9,C++,13
s14dc24083b368b94,C++,49
s14dd5a65c026ab6c,Python,13
s14e6cc20cbc4dab8,Python,10
s1509873684fa3b80,C++,15 84 93
s150f2273299b00e5,C++,53
s1519d8f00a5f0c3a,C++,49
s151fe9dfa8282200,C++,20
s1526e725c5b300f0,C++,50
s152de300b8dc7f94,Python,57
s152fe32a9d6aac08,C++,63
s153c28748148995a,C++,18
s153ce0b8a3d91db3,C++,24
s1542021bf9877cc8,C++,43
s1544c70b071a42ae,C++,6
s15466948aca5835d,C++,93
s154bd6725e4ce20e,C++,36
s1555099742d8aa86,C++,17
s155d2506d1e0cc8e,C++,58
s1571972445f2281b,C++,62
s15847ec12dc81316,Python,6
s15921c5ea51fdfab,C++,57
s159649d155c12d33,C++,44
s15977fb679e12931,C++,4
s15a263ad70e0d6e7,Python,14
s15a923a73033bcc5,C++,16
s15b17a71bb080799,Python,3
s15c05372358612b8,C++,75
s15df1548e7ea34b8,Python,7
s15e180eb4f84cd33,C++,11 17
s15f694a0310e5832,C++,19
s15fa9281e3929ef5,C++,12
s1606a5068317ff1f,Python,32 39 40
s160e1e7ddb64eb3e,C++,11
s1610042681939a7f,Python,5
s16116e0927760cc8,Python,32
s161c728b45d7c1a8,C++,51 62
s161e24ea5f875258,Python,6
s162c4a490ff79c34,C++,98
s1630775b89f18432,C++,49
s16376af5b952e2ef,Python,38
s163fba88aad740cb,Python,6 7 8
s16417e85f68ad60b,C++,9
s164469bfb091b904,C++,34
s1647cd9d8703ab3e,Python,9
s165187e6cdc22917,Python,31
s1652a9a4ac99af42,C++,42
s165f0a4bcc389be9,C++,15
s1683f2201be3f6b2,Python,8
s1688003dd967bccf,C++,26
s168ad58a3c7e8cee,C++,60
s168c34d3bd4f9996,C++,15
s168d701c367f1ca7,C++,7
s1693d0d1b65cfa7c,C++,38
s169591d093e664a3,C++,17
s169cd6305e120da1,Python,19
s16aa542fb593cbfd,C++,33 35
s16abea26a2383036,C++,39
s16b0e122ab81dda9,C++,13
s16b2495089730c5d,C++,42
s16b517d815107252,C++,39
s16c3f29f42983896,C++,8
s16c5b1856a60841e,Python,39
s16ca9c85a7d4b908,C++,8
s16cc1a46f217aee2,C++,66
s16ce88f03a7c60c8,C++,13
s16d9bf064efbd746,C++,13
s16da6b49d907bbdc,Python,3 10 11
s16f0587f449c2504,C++,57 61
s16fde821a599c45f,C++,23
s170b7860348c10a3,Python,31
s1712658dc44e4aab,Python,5
s17132aeb241cfad2,C++,59
s17139ebc2b3937f7,C++,54 81
s172bd42bd7c6cf6f,C++,75
s174fb6d0eed6a369,C++,62
s1752c9b449788eba,C++,28
s175a68a8a48ee4cf,C++,15
s175f624343f0608c,C++,64
s176033013b451d64,Python,12
s176a87d44f72a667,C++,7
s177373b40a433ce5,Python,8
s177a6b14547236fd,Python,27
s177dfa60636d11c6,Python,1
s17808b8da39dea9a,C++,50
s1788c5eef751d015,C++,6
s17919d82b9d64cc4,C++,25
s1791d09b3d65118c,Python,3 4
s1792f7a5e1cf82fb,C++,19
s1793f2a7a2682275,Python,79 100 102
s1797d83948720865,Python,2
s179c412ae6d005e4,C++,3
s17a14f95b3439b07,Python,13
s17a9069273cfe60f,C++,9
s17ab8b214a853655,C++,53
s17c55564cf9433c5,C++,48
s17d992bbb38fe201,C++,14
s17de1dbdb88e6bf6,C++,47
s17e1fcfa2d098e5e,C++,79
s17e6f6fbc8753ea1,Python,6
s17ec1e775d16d098,Python,4
s17f9daa874a8385f,C++,27
s17fad4ddf720d602,C++,44
s18047753baf819d3,Python,9 10
s1804b79f57000aaf,C++,14
s1808e122c9ae2aff,Python,1
s1829fccb68ae8729,Python,2
s182af062de6b37f3,C++,34
s1836e0c84605f0e5,Python,7
s183a70d549d1ed82,C++,79
s184399e42c19801d,Python,11
s184a7bd1a7fb3834,Python,5
s185ebb38e48dbc05,C++,29
s18854b022579915a,C++,17
s1885f6348b67a612,Python,7
s188f6d94c6b2d7f5,C++,19
s1892d585ed2ca0af,C++,12
s1894a028483d6fa2,C++,30
s189685337f4da3b1,C++,18
s18a0faa2b840511a,C++,23
s18b4628aacd926d1,C++,10
s18c05eec42fbb3fc,C++,39
s18c88774abf4e1ae,C++,34
s18cbfcbae40eace8,C++,44
s18d36df277ee4295,C++,50
s18e0f47b8167518f,Python,8
s18e36c8345bf214c,C++,12
s18f07bf9ca797c26,C++,26 59
s18fa5d4b5b6c4a84,Python,3
s1900139c3299914d,C++,24
s190aa9dae8c7807f,C++,32
s19112fbe95919ff7,Python,3
s191585d47616e4ea,C++,50
s1916c52379cbd44d,C++,15
s1919a986955df592,C++,13
s191aa87b124458c7,C++,22
s193adc95f48342b0,Python,31
s194239f822a9c7d2,C++,15
s19423bbe02a749f2,Python,1
s195634cfa6ad2981,Python,6
s19622f6a657b2851,Python,78 90
s1962ad837ac196e9,Python,2
s1976ff02bcb3fd5e,Python,8
s198af6267feffbb0,C++,15
s19bc837c5d4a8cab,Python,24
s19c5356befb0d87e,C++,26
s19c5887c02e98663,C++,22
s19c6608d6c76eee4,C++,24
s19c7a3676cb8e48a,C++,23
s19c901d434744dd0,Python,2 8
s19cb57d244db5e72,Python,9 16
s19d576a1af54d314,Python,2
s19e085a20e2781a6,C++,43
s19f2c79581909b9b,C++,6
s19f68f1609105d2d,Python,14
s19f95d1b7c9c9fc5,C++,16
s19fac65a6f1b5a22,C++,42 44
s19fef90edac3245b,C++,46 60
s1a04e58ab1fc377b,Python,25
s1a0655bfbecc4a4b,Python,12
s1a12f44ce40d41dd,Python,4 5
s1a17108c65471d76,C++,8 9
s1a1d9ce61b4060fe,C++,21
s1a336d784fbc524a,Python,3
s1a3915c8d4cb40eb,C++,70
s1a57143e7d91baf7,Python,16
s1a687586d34eccb2,C++,3
s1a6e1f07c195ce05,C++,69 72 74
s1a742045a2dfb31b,C++,9
s1a7acd3c6219ba25,C++,9
s1a9274bb6513b7fb,Python,6
s1a9815df1ad3b77b,C++,15
s1a9b5cfd2cb36afb,C++,53
s1aaa27e4ef80dfa9,C++,84
s1aab86ae294b0c9d,C++,14
s1ab0c129a9003f7f,C++,19 35
s1ac012cf908e8220,C++,93
s1acdf71f768271fb,Python,26 42
s1ad1a03cef89861c,Python,6 7
s1ad28e88013e301b,C++,31
s1ad51e16d96e1309,C++,14
s1ad5e3fa9ac719e9,C++,24
s1aec5a114edd2191,C++,81
s1af621a9f3af7fea,Python,70 77
s1afaec9da222f8bd,C++,4
s1afe2d8d91d472ab,Python,10
s1b003ebeb86c94df,C++,100 107
s1b01e244a11fa70d,Python,2 3 4
s1b050affac1e3708,C++,8
s1b0553763f2e924c,C++,7
s1b12b593c5ea8422,C++,39
s1b157aefc90f0cef,Python,27
s1b24d2c3808a67c4,C++,104
s1b2b983537c62360,C++,6
s1b309576f537f720,Python,1
s1b34f24320a9455f,C++,80
s1b502d0c3a0d9295,Python,5
s1b578a8cd28923b9,Python,9
s1b5b127b8da8a1c9,C++,60
s1b6203e8d7e7bdaa,Python,4
s1b78983d6689c207,C++,52
s1b87dc8d7f4f5184,Python,12
s1b8a88e7aa43583c,C++,39
s1b91f9443c8bddc4,C++,22
s1baaeb52ee9812c8,Python,3
s1baedbb927ff0b16,Python,13
s1baf506a5643aca7,Python,5
s1bc10ab55a7c4beb,C++,56
s1bc45734e0c0fd80,Python,32
s1bc5916712a39041,C++,37
s1bc8f5d1f77416f2,C++,6
s1bca44a629fc7205,Python,8
s1bf4da1e90730998,C++,22
s1c0212e76aab9451,C++,13
s1c050fbf07350684,Python,48
s1c06a6791450321f,C++,71 72 73
s1c132c3ac24da562,Python,15 29
s1c18b7409a1f61e0,C++,27
s1c2b5afddd546689,C++,79
s1c30bf21a4489473,C++,52
s1c352252b4b906f1,C++,8
s1c470de066dc3121,Python,31
s1c4aeb32d2f3cbf8,Python,17
s1c4e6a53ec17d3aa,C++,43
s1c5adec62e869737,C++,13
s1c5e1fc0ec32285b,C++,40
s1c65b9b61c06af14,C++,11
s1c67812d6a8bf95b,C++,45 47
s1c6b0e923a9713c3,Python,3
s1c79e19a527e960a,Python,9
s1c7ac0592f00dd39,C++,41
s1c7e6e0366f5e23d,C++,6 11 13
s1c8a23d0ac75e514,Python,45 46
s1c900199bb96d76a,C++,45
s1c92e7a9a086a68b,C++,18
s1c99bafa62c2361c,C++,41
s1c9f44b0517e188d,Python,3
s1cb42da6e21aca66,C++,26
s1cb4677afab02e0a,C++,40 70 73
s1cb6f39df5bace3f,Python,16
s1cc035fbb75ca42a,C++,11
s1cc509d12abf87d5,C++,17
s1cc6fb5f0835502f,C++,13
s1cca60c797811f09,Python,8 12 13
s1ccb76ab1a996bca,Python,6
s1cea3b5776caef9a,C++,45
s1d00bd06c74507b7,C++,9
s1d07d8c67c118d98,C++,20
s1d0e80ceca492eea,Python,58
s1d1a029cebe828c2,C++,31
s1d263b9545583039,C++,18
s1d2b95fbbec3bbf2,C++,9
s1d47af206b3be747,C++,8
s1d4d6e8911169a02,Python,8
s1d5692a4a7411d33,Python,6
s1d56b0259b35254a,C++,47
s1d59723e76326910,Python,2
s1d5d50107b48060e,C++,17
s1d60a741f23c686e,C++,16
s1d759e04b6b6b616,C++,17
s1d79401f450a7a3e,C++,11
s1d7f5cb92fcc7b80,C++,52
s1d8802b4e3298fe5,C++,63
s1da4d13e33e7c3f6,C++,11
s1dac763ec7fed5e2,Python,44
s1dad4b7d7bf8b425,Python,7
s1db08c4ec762ab0e,Python,5
s1db71bdc7f136a00,C++,55
s1dbd21d4338dfeaa,C++,50
s1dc6df796eb7113d,C++,75
s1dca7539e8ff103b,C++,7
s1de9bc0135edf3f6,Python,5
s1e02b84c551f8a88,C++,7
s1e04e9eaa879bb85,Python,45 60 61
s1e3c553c1e5c1ab8,C++,46
s1e44a42ae6f602c3,C++,51
s1e473db3893a9fff,Python,4
s1e51ff794a1bf1fc,C++,10
s1e618abb4d62e24d,C++,17 18
s1e63c55c0ea2cacb,C++,21
s1e76f4eaeea9d2ad,Python,43
s1e84d61cf5cf93b4,C++,63
s1eb86921d0ee1656,C++,36
s1ebabcfcea8e7c46,C++,63
s1ec0f6d39cb57cd3,Python,22
s1ec3a1943a0d8c05,Python,24 25
s1eca58d2b1c0854c,Python,19 21
s1ed675f066c0af32,C++,6
s1eddc9024eb87382,C++,38
s1ee02983b480ed2a,Python,66
s1efb3013b03fc300,Python,2
s1eff3a4b7f7ba78a,C++,17
s1eff3fc5b688b1bb,C++,43
s1eff45da6e7ecdfc,C++,111
s1f037297d4c20ee1,C++,10
s1f0cac0f3962903d,Python,8
s1f16496c8b01bac0,C++,44
s1f1805c7442255ab,C++,5
s1f1a425c5e8ca650,Python,9
s1f1f592d8f7e6ddd,C++,24 26
s1f2ae2a8c8828fdf,C++,5
s1f399558f06d87ea,C++,10
s1f3e90aeef29605e,C++,79
s1f47dfe21a3dde95,C++,28
s1f61a9e08a3d8d7c,C++,51
s1f6c61f4702465ae,C++,83
s1f7832486b269985,Python,11 12 21
s1f804579f7a91c5c,C++,50
s1f840df2fa094a38,Python,22 23
s1f925d280264d204,C++,36
s1fa6e9c93a17a4ef,C++,33
s1faeeec70445cf5b,Python,57
s1fb5efd1445644e4,Python,2
s1fb65e4d389c99fc,Python,4
s1fbaf405b2e7e99a,Python,5
s1fbef2536ed9ef4c,C++,31
s1fc7e6a75533b443,Python,14
s1fe3484b2f8bac0e,C++,43
s1fe3aa12afd1cf99,C++,38
s1fed2fabb32960d9,C++,21
s1ffcff63c9f3a62c,C++,25
s2000ce5843cc0ef7,Python,80
s200607dbd9eb7950,Python,13
s2006154784707c48,C++,49
s20072303f2738923,C++,77
s200d36cf4d88b269,Python,6
s20109a6e663fbe65,C++,17
s201b9d2ebf05a3af,C++,31
s201f75c437d054c0,Python,21 47
s20278839c07d3c99,Python,11
s202aa10b1dcde767,Python,2
s203dfd0eba9bd592,C++,9
s203ee955669bcf1f,Python,5
s2043f7f15f721c7b,C++,4
s2046db6c85b59ad9,Python,7
s2048843afd4b9b70,Python,1 3 4
s204e6af7f3d8a095,C++,66
s20585c79a98c5743,C++,6
s205aa25cab153d7a,Python,5
s20809e41b45152cc,C++,13
s208a1e25a08098e0,Python,34
s208eb993cfe6d296,C++,17
s208fa9b6810b9abe,C++,7
s2091a5291e5ccb43,C++,8
s2091c69a493a30d2,C++,8
s209e499209d682d3,Python,34
s20aba05b45ea1893,C++,24
s20b124c4b49ee8bf,Python,11
s20d27221dd8468e6,C++,25
s20eb673c2cb3750f,Python,5
s20f366df4a502ee2,Python,102
s20f5fa1e1ec1b65a,C++,56
s20f6bfe05cdf52d7,Python,4 5 9
s20f89b79fc95da5f,Python,3
s21093f82735879b4,C++,18
s210f20cf07309e8d,C++,18
s211fd38888270b64,Python,4
s21278682d5ba6e19,C++,29
s2136572abed24391,Python,3
s213678a3ea138dfe,Python,19
s21385b28c01b7adc,C++,7
s2141b598ee2823ed,Python,2
s2150cbe6634dc546,C++,21
s2158bc0515f73714,Python,3 4 5
s216cf1beadd36fa7,C++,17
s2170e31f55760684,Python,4
s2174fbb75e627c70,Python,4
s2177941f1174f9bc,C++,15
s2185974e0b7aff44,Python,41
s2185deb453f0650e,Python,71
s21882384755b4593,C++,21 25 27
s218f15be5cb55dd5,C++,10
s219a47f0e8b4c256,C++,21
s219bf3835b990455,C++,29
s219d886b5452fd19,C++,96
s21ae10f779eea2c7,Python,1
s21bc4f3fb6e7e0e8,C++,15
s21c3a6271edadcf5,Python,9
s21d8824e7911ae3c,C++,41
s21e769fa908b7912,Python,38 41 42
s21f79fe3c8d57a5a,C++,51
s21f961cde1d07708,Python,33 39
s22001722c2d81c03,Python,1
s2208170275808e36,C++,90
s2213409f3c62b1c1,C++,3
s221d980a416ed47c,C++,19
s2222f411a4fe567c,C++,11 20
s2226a795e0df7002,C++,24
s22326ad5d7b068c8,C++,61 63
s22347eff191be4fc,C++,23
s2238f7e6e01ea017,C++,15
s2240aed3da003af8,Python,5
s224695884ec35d26,Python,1
s225a870daa43826c,C++,10
s22624c675d060152,C++,18
s2265d0cfd1fb2810,Python,16
s226d256d1a0aa99b,C++,5
s227d04f0a94d370a,C++,14 17
s22836ddc72e801c5,C++,11
s228f226590d58adc,C++,35
s228f6e60d0f99917,C++,82
s229900d5389e1dcf,C++,52 64
s22a3d31db6cb3e1e,C++,56
s22a721814b794db8,C++,57
s22b0c525f809903c,Python,3
s22b423915df624da,C++,25
s22dd186c10c16b94,C++,10
s22f10b5e1f9d56e2,Python,20
s23229d7231de3fbc,Python,6
s23244b737b879f35,C++,19
s232da3a21f35b646,Python,28 29
s23392bd6a7845bd2,C++,45 47
s233d202beaaf4792,C++,80 81
s23475d8e44129af1,Python,31
s234ceda9716fa275,C++,6 10 22
s235f2295ff1a69f6,C++,24
s236b89f061e9d6ed,Python,8
s2372e71353ee22dd,Python,4
s23736af5db16a796,C++,20
s2378e3cefc8b86a2,Python,7
s237c7ff2afb41172,C++,31
s239e7e68c027feed,C++,19
s23a41eaf9569d250,C++,4 52 66
s23a6b69797973b97,Python,10
s23b469fe7680b2b4,C++,15
s23b6d82e3e33b6da,C++,58
s23beda24626281de,C++,106
s23dc4b9a8a7658ad,C++,11
s23e4cc3c730dcf66,Python,53
s23eb53bcb0903fef,C++,45
s23f8b00f47374a81,C++,101 102
s2403a6df20b96801,C++,50
s240ca17fe901dbcd,Python,11
s24130ddb884d8469,Python,6
s2415efd3e8e21b4b,C++,4 9
s241781a0ef37cdc0,Python,10
s2418d5a1179cc8aa,C++,91
s24198d5bda518e01,C++,100
s2422e259a732a7d7,Python,6
s242603edb871f91d,Python,23
s2428bdb1143ab3cb,C++,31
s242e4c1cbcf34fef,Python,13
s243cc4c9422be748,C++,102
s243d8cf9f3bde95d,Python,8
s243eab9a9506b1cb,C++,93
s243fb2e2c1bc1efd,C++,82 86
s24497fe23cfa03b6,C++,87
s244d0e1957215981,C++,60
s245434119330d633,C++,36
s246dca6eb2f65727,Python,3 4
s24749c690d2b3167,Python,15 16
s24753287c4c6ee45,Python,18
s248811e55b40f421,Python,3
s248d80113230be01,Python,12 13
s2499d4bd649b6d63,Python,1
s24a27467fd7d77be,C++,72
s24ac0c4269b7cc65,C++,48
s24ccbd35511306e3,C++,11
s24ce9c84cd8518b5,C++,70 88
s24da3e2040f1a010,Python,49
s24e62d907f302631,C++,65
s24fd95da526380ab,Python,9
s25084a6420c080dc,Python,12
s2509be5c50e4d275,Python,2
s250a6cb0c19b6da6,Python,26 28
s251fcbea73df005d,C++,96
s252e16d58bcd7f40,C++,36
s25305a4d08a2dd37,Python,2
s2530ef3177c46595,C++,40
s253529921e90278b,Python,2
s2538b7ca392697f6,C++,50
s253d66d088ef43d2,Python,20 52
s2540496530575aec,C++,54 58 59
s25451a61c2fe54eb,Python,28
s255b780b81a6db48,C++,83
s25659f6e633ef667,Python,2
s258f1ba7b2293231,C++,8
s2593a29473da64f4,Python,1
s25a82661397bcaf5,C++,14
s25b6810553f402b0,C++,16
s25ba1d06a0e35aae,C++,40
s25bce231e6f5e333,C++,9
s25bfe7e6d474269d,Python,8
s25d72d950ae45272,C++,64
s25dce97a89bd95af,C++,10
s25e5d7d5a86892b0,C++,16
s25ebe660c20ba5f4,Python,22
s25f9785242551f9a,C++,6
s261ce328b889040b,C++,29
s26259ca2e4582832,C++,46
s2631b1897968dfdd,Python,12
s2634cf7911abf2c5,Python,3
s26461b45bd62d12a,C++,63
s265019aefa9fa8c5,Python,8
s2657bab0a4e7e5e2,Python,9
s265bc0e0e4d4228a,C++,46
s265de705163c4f47,C++,13
s2666bb8d9a616149,C++,35 36
s2667f808e321b7fb,C++,66
s266f5aacead20340,C++,10
s267eb28610d22f2b,C++,31
s26814527631a4b9c,C++,62
s2682f91f13c0c38b,C++,48
s2686c5c895d5311a,C++,36
s268bdaeeb156d5be,C++,26
s268cbf02ba5b3ac2,Python,7
s268dd627e1352bf2,Python,3
s2691574104e3f845,C++,64
s26a288c7a2ddd4a2,Python,5
s26a460092ca601c0,C++,8 9
s26aa6b86dbf8caf3,Python,11
s26bbf739f232e9f6,Python,92
s26be843f14023807,C++,15
s26c67d287cc8e404,C++,13
s26c75d9af250e759,C++,5
s26d3db973722e711,C++,23
s26e3d8fc62484033,C++,4
s26e4309770aa3658,Python,18
s26e6b8f6a495ef7d,C++,8
s26edad85d4ca9ff9,C++,17 39
s26f829ee16691c61,C++,71 75
s270219314bf9d199,C++,46
s2703d1035ec532c7,C++,50
s2717c6bf39c388b0,Python,25
s27196147ff1ce3d0,C++,46
s273b0250b1f86efa,C++,55
s273c410d2e013631,C++,27
s275a0558775e8bfc,C++,14
s27658f49ea535f6a,Python,1 2
s276764e840144875,Python,2
s277080d45356c2e3,Python,14 15
s2775cc64a05b5661,C++,13
s2784aa6fdc923c11,C++,95
s27a37a3155892a43,C++,93
s27b518fd31e528e5,Python,24 26
s27b741d407e1416e,Python,4
s27c74dcdbae9f6cd,C++,8
s27cbbe106b3b65b9,Python,1
s27d52bf743abf990,C++,13
s27d7f0ebd4848708,C++,9
s27e4e37243507279,Python,1
s27f09dbaa89bb9cc,Python,12
s27f24a59d9d82206,Python,9
s27f497aa45928f56,C++,31 34
s27f72c19a592af76,C++,18
s281a5017c480a5e2,Python,8
s28224bab5e918ac9,C++,9
s282f43875aa5e763,C++,33
s28333c924155b97f,C++,62
s2868f228ddf2bbef,Python,55
s286906ce89424add,C++,64
s286ea9d83f41d252,C++,9
s28816f9ae3dba98d,C++,4
s2887b7a7456c01a0,C++,13
s28983c7b6aec8877,Python,17
s289969764aa71a09,C++,42
s28aa528cade07846,C++,36
s28ade70dbe62a037,C++,23
s28b1bdec291884e9,Python,7
s28be31f6127c6496,Python,4
s28bf8729518045c8,C++,15
s28c082324f029591,C++,67 68
s28c54128a2b69644,C++,69
s28cbe9eecd17e105,C++,10
s28edc801cae6c044,Python,1
s28eecbad46c51214,Python,62
s28fba23bbc788141,Python,3
s28ffbc28dc7b810f,C++,5
s29067f02d5551620,Python,84 85 86
s2913391b58e3aed0,C++,104
s291cd0439b9599d4,Python,4
s291d019a081b6253,Python,4
s2931d101d8f567dc,Python,100
s293cd15c622eafcd,Python,3
s29400ac240fb56bc,Python,1
s29541badd7b8ba1d,C++,15
s29642dfd30d2b38e,C++,39
s296f953593c91d04,C++,16
s297f23e7977df952,C++,16
s29810f2b6ed2242e,Python,3 4
s29827d0ebf587cc4,C++,9 10
s2986f907abed526c,C++,14
s299e58adb86d43f1,Python,33
s29a3cae790b2ce7d,C++,21
s29c3e67ca89e1487,C++,8 16 40
s29e4ae8bb646cd60,C++,15
s29e4d7fd8f0c3e79,C++,110
s2a1214989396c26a,C++,4
s2a22b4a33370cc98,Python,12
s2a43c9763e723b5c,Python,26
s2a4e508af4459817,Python,1 2
s2a66d439c8d93091,Python,1
s2a7243186bdf081a,C++,18
s2a77585bc2717c52,Python,6
s2a79529a8fee3d7d,C++,17
s2a8660624f883024,Python,18
s2a87513fc33b0e69,Python,62
s2a90dd92eb6a4a7d,Python,22
s2aa3428facd977e7,C++,26 29
s2aa8bc22bd0f979e,C++,10
s2aaf47a7d52d0255,C++,13
s2ac422eacd87d437,C++,8
s2ae2d939fbfb8288,Python,8
s2ae887b6e7fd2f9c,C++,94
s2aef5a869ed084e2,C++,7
s2aef63d32661e57c,C++,33
s2afb002cf22c2b5d,Python,10
s2afc51310f88a5a3,C++,23
s2b0948e128844b51,C++,77
s2b1fe07becc509cb,Python,2 24 37
s2b2b62142dbe1af9,C++,41
s2b3a213515210558,C++,7
s2b4b15bf0da1a4c9,C++,7
s2b4b5b0b4b631412,C++,89
s2b57a5d584b9a3a6,C++,32 33 39
s2b6218583a61a89d,C++,14
s2b626e1c9dffe7a5,C++,8
s2b64e935169395ce,C++,50
s2b762a9a68387586,C++,25
s2b833cd65aa6ae24,C++,60 70
s2b9268d0f41a075c,Python,3
s2b98dd5e0a883c12,C++,56
s2b9b29552f4a0212,C++,44
s2b9f154514298265,C++,52
s2bbfc07e0b67e894,Python,3
s2bc8ee063440e4da,Python,12
s2be40006918fff6e,C++,4
s2bf8ea4e9f209d86,C++,73
s2bfa0d9752c3d084,C++,7
s2c10420b083a771b,C++,70
s2c22bfd7b196241c,Python,6
s2c4350b07cb34f53,Python,20
s2c4af115471b7c71,C++,28
s2c5c5d495878df97,C++,14
s2c5d1906708a257a,C++,33
s2c7020fd966b905b,C++,36
s2c7cbba3653a0923,Python,3
s2c83a6b91f419d2c,C++,34
s2c84805d78000dc8,C++,76
s2c8fa155eae01017,Python,4
s2c9b0837c8a47f70,C++,57
s2ca2f3330b06c91b,C++,17
s2cad318bbcac5585,C++,44
s2cad5fd57a43e048,Python,6
s2cb271564678d8bc,Python,20
s2cb5962619362704,C++,30
s2cb704d87d0b0d22,C++,34 35
s2cdcfc7626681a3b,C++,67
s2cec50a96040a4df,C++,7
s2cf54877da56fe9e,Python,4
s2cf8f107f9bf73f4,Python,14
s2d0da91cc3515fd1,C++,73
s2d112577761fd785,Python,6
s2d190d90e8e4566c,Python,11 12
s2d212e2621e5641c,C++,9
s2d401f0eb44871b8,C++,41
s2d5186f776784364,C++,27
s2d523fb5139b1576,Python,31
s2d61abb047844bb1,Python,22
s2d62add8864dffd8,Python,6
s2d63c78b7573b79d,Python,11
s2d649ecbabe8e1aa,C++,20
s2d752c66c9cc4030,C++,97
s2d81769f1faceea3,C++,45
s2d9eff9a93eb1e84,C++,4
s2da885a6881701f9,C++,19
s2dab4598a482e866,C++,14
s2db259eb06501722,C++,7
s2dc454495576a9c9,C++,25
s2dc7bd7bf603990d,Python,3
s2ddb4e1ef9bd9805,Python,8
s2dde9a94cfd71bc8,C++,8
s2de5c2c79b2fd508,Python,1 6
s2df9bd1de61eba32,Python,8 9
s2dfb51a2745d34a6,C++,51
s2e1c2a382333c3cc,Python,6 8 9
s2e2696cdefe2646b,Python,11
s2e2e28976d0556fa,Python,1 2 8
s2e3f5324281e6be0,C++,39
s2e431e41aac837d6,C++,41
s2e44dd3db7fd393d,Python,3
s2e485258cbd75b69,C++,40
s2e4a35a2c25c0b04,Python,21
s2e5906483b7a32d0,Python,4
s2e6c9d1e7eff489b,Python,28 40
s2e6e4af68b63ad0c,C++,37
s2e6f56d7b5b0e626,C++,18
s2e709eb57e2eb4bc,C++,31 32
s2e80bd77f85c9ed9,Python,52
s2e96318fe03a4caa,C++,23
s2e9a466068dcbfe1,Python,5
s2ea09d74749aa403,Python,42 44
s2ea4d3550d67d5bf,C++,9 10
s2ea52874321f39c0,Python,6
s2ebb7beb856c8d37,C++,38
s2ec4fd71b5c80596,Python,31
s2ed4c262db5fa2c4,C++,16 17
s2ef23d92b4e56894,C++,13
s2efcc5b4dc487447,C++,42 43 44
s2f0d45bbede3c5ca,C++,27
s2f11492d8f3539d4,C++,17
s2f1388f1b2b22f3b,C++,34
s2f17ea92f15ee4a9,Python,24
s2f28b19a1b16112a,C++,12
s2f2a69d815fccebc,C++,12
s2f2fa0702113ec90,C++,63
s2f412c392364ef13,C++,43
s2f5d4044fb4c85ef,C++,19
s2f611f52d80c7de6,Python,22
s2f6b0eaed2c071cd,Python,8
s2f6b98a8aa5da33a,Python,33
s2f83f2311b54f84c,C++,12
s2f883c9782cf7666,C++,17
s2f8ed5335de25f2c,C++,51
s2f90c33171effa32,Python,11
s2f985943bbbb3197,Python,3
s2f9ab908eac96506,C++,36
s2f9b80ac2d684b38,C++,5
s2f9eb9cf43c78064,C++,31
s2fb5872f344f16dd,Python,7 8 9
s2fced2d098bcd91c,C++,11
s2fd3b40a291e72f3,C++,74 75
s2fe0d5c8ce6e424a,C++,86
s2fe5c088dfca9ed7,C++,39
s2fed322ce7d6f2f4,Python,12
s2fee566359e3b9e2,C++,81
s300b88332c201527,Python,3
s300ff20a3f9cfa9d,Python,6
s30188535bd2f4e53,C++,70
s304403bfb5ef1ace,C++,13
s3046aa61630caa6a,Python,10
s304f228e0909e051,C++,13 17
s3055280712320707,C++,8
s3061d0a1f9540d58,Python,12
s30744f87e97ccc70,C++,8
s307d6b09eb6d4b2b,C++,42
s308ea70d6bfd1ed5,C++,14 17
s309438c2c7c6c5b0,Python,1 2 3
s30987076d363a6db,C++,35
s30a6a88b03292e8e,C++,38
s30a742e15a4b8e2a,Python,8
s30a9109b5edf4872,C++,77
s30ace814fe31360e,C++,6
s30b5730f38eaa5c8,Python,2 7
s30c1dd3fa84cfa95,C++,41
s30daed934c897a33,C++,57
s30e187b5b21008d8,C++,31
s30e2618dce933a94,C++,31
s30e393acf2ad4111,Python,2 4
s30e73942ba97f510,C++,45
s30fc9037a08ade69,Python,4 5 6
s3109dd2e1476f190,C++,39
s310bceb55819fa2b,Python,3
s310ce94ab8d912b1,C++,12 14
s310d69652e157105,C++,55 62
s3111c4c07062f218,C++,65
s3133cb3e4bde5566,C++,54
s31344c647310e503,C++,8
s313a8424291d2ebd,Python,14
s313b2aed52a85b57,Python,30
s313cfa97de601c96,Python,4 5 6
s3149319a07b7b08d,C++,20
s314d9c46f8a59dfc,C++,11
s3160167b9533bb1e,Python,15
s316ab77f89f19612,C++,15
s316dac31e1268a19,C++,11
s318a1b5b43890bed,Python,4
s3193707ce987321a,C++,12
s319aa7afb7202150,C++,32
s31ae87ed84381783,C++,9 11
s31b11cf711e230a5,C++,13
s31cd74cd91715422,Python,36 37
s31d0127348e56b01,Python,3 5
s31da098f36a2eb39,C++,12
s31f4eb5ac669beba,C++,59
s31f5b0062b37760c,Python,3
s31f8b95a7bbdc847,C++,5
s32047d00e6b61bdb,C++,39 40
s3207b7648affcf75,C++,45 61
s320ffb6e8be72ae4,C++,51
s322b1ef4867ab358,C++,6
s32353bfe7d4a6716,C++,78
s3240f092e0fbebcd,C++,11
s3247812036b8452a,C++,44
s325c4bdc427d82cd,Python,15
s325d45aef907cc46,Python,9
s325ee6a97abacaf1,Python,34
s3260ed73496d1d6d,Python,1
s32731a9c8cc54f90,Python,17
s327d0b9d9c5c29a7,Python,3
s327e89694ddbad56,C++,28
s3284a0994756aba6,C++,14
s328921d7f7b63147,Python,23 24
s328d866011d1388b,C++,87 89
s328eb70a96d7ef6e,C++,15 16 110
s32a89a29d9c5f17f,C++,62
s32b020f342b45eac,Python,9
s32b26553fa867a7c,C++,19
s32b553c94648b19e,Python,15
s32e2f63e33b4fb86,Python,5
s32fc7dd0ca93c4b6,Python,5
s32fe275a77c53b9b,Python,11
s32ff5c618f474018,C++,16
s3308f955d7c53f4a,Python,24
s330e23e9e5c7584e,C++,48 52
s330e5b85baa2ca9d,Python,4
s330fb6a429798fce,C++,11
s3319fd2275dfb830,C++,106
s331c34495043ca3d,C++,54
s3332064dfe0f1245,C++,30
s3340cef392e99d9b,Python,1
s3346941bcf6ba41b,C++,20
s335551a2c5e184fe,C++,24
s33643001a79dbff7,C++,67
s33876b1f65b77b8c,C++,63 72
s338b489293814bdd,C++,41
s33974af77dbbd3f1,C++,28 50
s339d4d4e2dab0421,C++,11
s33a88f8486305563,Python,20 21
s33ac4e42991aa2c5,C++,23
s33ad7f8ccbe91d06,C++,6
s33b15d69ffc9b04f,C++,19
s33b5f5a8369a2927,C++,24
s33b6e0dc562a6233,C++,53
s33cda422bf2998b8,C++,14
s33cf540baf896b4f,Python,14
s33e24897124f9d7a,C++,47 48
s33f0a3a7d5e52836,C++,44
s33f9a1f97090d5dc,C++,6
s34004faac1d54686,C++,103
s3412749a16491a15,Python,20
s342e697aad04aa37,C++,44 99
s3437ec5b25105abd,C++,75
s343d49da54e67f3a,C++,51
s344244765dcdb3a3,C++,44
s344c6db0a6a7f935,Python,28
s34663d2b0d19462a,C++,22
s346986170be63edf,C++,54
s346d18404681140e,Python,47
s3473b7263141194b,Python,13
s3479af6fda0874b4,C++,40
s3482f29bc6f56b38,C++,27
s348b59cd39b19148,C++,7 12
s34ac7e3ffa65c08d,C++,51
s34b23b1e6241b004,C++,8
s34c78e104f53206a,C++,5
s34c9eeb8632947bf,Python,7
s34d85a11bd148caf,C++,25
s34e03b49713f5feb,Python,5
s34e9aecc81a57e14,Python,57
s34f7692e904796dd,C++,46 47 48
s34f7fc68a6e88154,C++,12 29 56
s34f978a3913f2af9,C++,57
s34faf38fe95ea7ec,C++,24
s34ff12b88f2a3660,C++,111
s3504fcea5194f1f5,C++,29
s350682127126e508,C++,42
s3508569e5dd77f9d,C++,56
s350e3f522e89feb0,Python,3
s35215fd4b410e5e6,Python,6
s3526dce9cf0f7f21,Python,3
s352b7fa46be8414a,C++,11
s353650ae6743f4cf,C++,25
s353d5fcdd1bebc66,Python,5
s354358ebaaf73a9a,C++,17
s354563c393bbda8b,Python,77 85
s355dda205936bf8a,C++,7
s35659791111efa0d,C++,8
s356f77aea672a041,Python,11
s35853c87b32668f1,Python,32
s359d9838bdfbc7de,Python,26
s35a98b357b15ec8c,Python,3
s35aabc8f098fc573,Python,8
s35af77b84f80a6ab,C++,37
s35b9a435b16ce6de,Python,18
s35ba08908b03169e,C++,9
s35c71e8daf72d68f,C++,22
s35e97758b49ea599,C++,17
s35f3b1ec02431ea2,C++,41
s36044e1baebafe00,C++,24
s360784cc4c37d9f1,Python,5
s360a62035644c155,C++,65
s361c8721712124ba,Python,11
s3626b09ccb06aebf,C++,99
s362c37a6b54c200f,C++,7
s362d95aa5e001d3d,C++,95 98
s3631a8ace96c3156,C++,44
s363f67e735c3942e,C++,6
s3644632260f0d9de,C++,42
s364eb902389153f8,Python,15
s366b3e0b3d5bfd7e,C++,49
s36809f945dd80edf,C++,40
s3697c78463d42a09,C++,16
s3697f035fa5b6f2b,C++,20
s36b3f8a2d44425b1,C++,15
s36c7a60882704dce,C++,66
s36ceba8f908d70c7,Python,2 4
s36ed0e81c9dc8449,Python,6
s36fe0e63db5c0699,C++,10
s3704002ffde490fb,C++,32
s3708684e5a31d5ee,C++,58
s3711c8699b65674b,C++,15
s371dbdaccd8f2fb2,C++,13
s3722dee8dd701e03,Python,12
s3724ab8c07b6abe7,C++,3
s3729c028017e057d,C++,26
s37315257ca2203ca,C++,49
s37408fd089275c6d,C++,6
s37413c6f5ebb87a5,C++,26
s3752e390ccde7579,C++,10
s3754e405698e4fd6,Python,7
s37560108a1049384,C++,30
s375ff81c013c7462,Python,10
s376a5ccd260e2923,C++,19 20
s376d7cc15c5a3155,C++,26
s37845460172be187,C++,41
s37857776850e5775,Python,9
s378fdd7bc8ebd104,Python,12
s379adc00f623821e,C++,49
s379fffba8243c918,C++,49
s37a3c273c0b726d7,C++,59
s37a5267167691e8d,Python,5
s37add8e558827d8d,C++,22
s37b601cc81de8f25,Python,4 6
s37bcb1fe60dc1e5e,C++,93
s37cce400a07d52f4,C++,20
s37d4574cd67dc1ec,Python,16
s37d968f9f4904bc1,C++,22
s37ebf80d539dbe0e,C++,7
s37f29a3e41261e29,C++,33
s37f752bf42e687e5,C++,25
s3802d911eecf4b5e,Python,33
s38061226879cdd30,C++,9
s3809de649c1802d5,C++,24
s380c1d1ab9926b03,Python,6
s380e285acae5a9f1,Python,18 19 20
s381a80749f20e54f,C++,19
s3822a4ea3b053261,C++,53
s38447a402dcf0246,C++,28
s384a129965fade2c,Python,22
s385d3c26500560ad,Python,7
s386d174a11b86c42,C++,23
s386d46c14666fff8,C++,41
s387068687347ec98,C++,55
s3880644f4be6d258,Python,1
s3887a82bc8d205ae,C++,72
s38a6a43ae350be6c,C++,64
s38b2970ca2636670,C++,28 70
s38b4cdecea00b254,C++,44
s38b71890ca9fcf99,C++,27 34 60
s38edb195d8067b71,Python,3
s38fc95348a0401e3,Python,90
s38ff425e3512d24a,Python,15
s390a7e71f52bca46,C++,42
s390fde001128f784,C++,52
s39194f76856c1ea4,C++,27
s392ca28cbd1c0f08,Python,5
s3935350c0b309713,C++,49
s3942766ede4e0511,C++,46
s394612ddc9dea377,C++,17
s395169b775f4d84b,C++,50
s39517573e5fa2c44,C++,70
s3954ca88df34870f,Python,2
s396190e64d179346,Python,6
s397166334374533d,C++,55
s3972fb23f560e570,Python,8
s397e268c8ce1cc59,Python,4 18
s3988e993c1c244ac,C++,59
s398cfca3a46deef6,Python,13
s39a5490d61378f75,C++,61 75 82
s39a9e0600e3c9425,C++,27
s39c1f80112904de7,C++,67
s39d8f4e3e28cdef0,C++,83
s39e4f1a18f2ce482,Python,54
s39fa7e4e654b8593,Python,6
s3a0f18d450961200,C++,49
s3a0fc4d916e5bde4,C++,66
s3a1f30ed615cc159,C++,28
s3a221b486e1737b1,Python,17
s3a2b6e9688ba6a95,C++,26
s3a2e96858b52fb4a,C++,48
s3a4a988f6b1246b3,C++,18
s3a4d7d35fce22fe1,C++,4
s3a537895e7b6840d,C++,65
s3a7e5e3d25fadf4b,C++,22
s3a9a09be4732d968,Python,5
s3a9d8fc7a042ce37,Python,14 16
s3aab661911ea1b25,C++,98
s3ab3c551a0391ec1,Python,1 23
s3ace58b760956ff6,C++,10
s3ae197b13a6cc434,C++,36 39
s3aefa74d2d6174c2,Python,5 6 23
s3aefbec878c54ebe,C++,80
s3af55198f666cb6d,Python,62
s3b08bf6faccd3648,Python,5
s3b0ad69b7186859a,C++,6
s3b1ead676eb245c6,C++,45 46 47
s3b1fc02f37816eae,C++,6
s3b2090bdeb349296,Python,36
s3b3e79a5c99662c7,C++,75
s3b440995679351cc,C++,65
s3b4c9ccccf09f044,C++,35
s3b538e3fae2d07dc,C++,12
s3b65359735da314e,C++,32
s3b6b1dde30ba3f6a,C++,51
s3b6dee1f99653492,C++,30
s3b7437817c0e5e3d,Python,18
s3b8270b4acfd9c4a,C++,68
s3b8288c8a32c3be5,Python,70 72 78
s3b8b3c0074ffe25e,Python,5
s3b8c29f39902c392,C++,4
s3bc14fbda7d82948,Python,29 33
s3bc3139c8aa62429,Python,18 24
s3bc8a95af2ebe670,Python,8
s3bd64bdec011ce30,C++,48
s3bec64e7ea6fd5d9,Python,6 8
s3bfd421fbcde9fc9,Python,3
s3c077b9fb4ea33e7,C++,25
s3c0daaeb2e04497d,Python,1
s3c0ea80df7456f37,C++,5
s3c2b8c428ff7d977,C++,7
s3c371c915a1da80d,C++,60
s3c41c472c816ba86,Python,57
s3c5d3aeb6ecf8bf0,C++,20
s3c7d8e7d3d32134f,C++,11 12
s3c92745ffdb74f70,C++,19
s3ca4e9956396708d,Python,14
s3ca5bdef2893481c,C++,36
s3cb6c8e4e0bd1a92,C++,38
s3cb6fc14786b3a94,Python,5
s3cc335f0d4b6ba23,Python,2
s3cce7cfbc60c3993,C++,87
s3cce99f99f0ba77f,C++,16
s3cd8005a6d95cfef,C++,34
s3ce7de8a20193aa3,C++,19
s3ced2f26e617ed28,C++,9
s3cf3beb636278807,C++,11
s3d056a9f70a35ca8,C++,7
s3d0923358f3bf7eb,C++,37 42
s3d114ab74984de7a,Python,6 9
s3d17a6d3d757013d,C++,17
s3d2bb1bfe540231e,C++,33
s3d2ca161c8bedd89,C++,25
s3d35ddb7a94d6c0a,C++,7
s3d3eecae498a5617,C++,39 94
s3d46a06a785036f7,C++,20
s3d4f38b8fa874473,C++,23
s3d610ca9359ab047,C++,43
s3d665b95ec1745e1,C++,14
s3d7c7d17b57c7312,C++,11
s3d804a14e348641b,Python,9 10
s3d8acf233dcd6505,C++,46
s3d9a8b606968150a,C++,69
s3dadfd999a6c03bf,Python,7
s3db1f4600b8d11bd,C++,35
s3dd9db8579158aa8,C++,34
s3ddd11def465bb6f,C++,7
s3de1d9381c7b5a8f,C++,37
s3de6d36e64003b75,Python,4
s3deef96d9ac3cc9f,C++,103 104
s3defade28ee7b670,C++,50 53
s3df00725604ae96b,Python,2 6
s3dfac98f56964d9f,C++,21
s3e0512162c8f0319,C++,35
s3e1d3b758f0d5fcf,Python,10 11
s3e29ae5814f8c6cb,Python,6
s3e2a031acb8096ee,C++,38
s3e33d5948786d4a9,Python,17
s3e3b0fb9e1f2e11a,Python,3
s3e4e2bd4c92e8da6,C++,61
s3e5bbda1a9333c53,C++,56 65
s3e6b9ac832dc603f,Python,14
s3e7cd0eaf2469d90,C++,15
s3e826b29bc29b10b,C++,3
s3e8ef72f9c67b660,C++,8
s3eb27786cfa22d18,Python,17
s3ec25468c6e0d841,Python,23
s3ec6c481e171bbd7,C++,6
s3ed9477380a84fa6,C++,23
s3ee6f427924b21ef,Python,5
s3f02e97d6216171e,Python,14
s3f0994118e8acd6f,C++,7
s3f10088f14755c0f,C++,37
s3f1043db43181fd6,C++,17
s3f13a29f11d52f56,C++,56
s3f2ccafc546d03c7,Python,2
s3f2e27d32ea33189,C++,3 21
s3f336b7f3bdf43e2,C++,17
s3f34ee370fdee0a0,C++,6
s3f424b7a37adaf84,Python,3
s3f42b6aab6ba5736,C++,63
s3f531d4aea819558,C++,65
s3f5ea5df0b5075ba,Python,89
s3f65e75cbc10e94b,C++,4
s3f79717c5b0c8106,Python,10
s3f84b6f6616bef0c,C++,6
s3fd7619d2cfb5906,C++,13
s3fdd11ba9da0d242,Python,19
s400178602c251797,C++,5
s4010c948d09a620f,Python,56
s40128f102d15fb38,C++,23 63
s402f32847fe183c5,Python,5
s4035c69140f0ff4e,C++,30
s4046c6f857eb4fd6,C++,16
s404c6e9f741e9220,C++,8
s4056ee8c6fc4474c,C++,10
s4058afc43026c2c8,C++,45
s406bf13f2bea716c,C++,13
s40829f85aa222511,C++,7
s40913e416348e0ac,Python,11
s4095e1200a1cd510,Python,4
s40a49972746891b0,C++,7
s40a62dceacaeacbb,Python,27
s40abc402db166b32,C++,17
s40b0928683c6a97f,Python,5
s40b6a4ac24143776,C++,48
s40c99d1405f0aa2f,Python,2
s40cc6a534958ed43,Python,17
s40d5dbd12294e36c,C++,7
s40d9fa7d3bbc620c,C++,77
s40e1f3c7dca85448,Python,8
s40e491ce26062199,C++,8
s40ec5f9ec6ec112c,C++,70 71
s40ed9c73f52c7f2e,C++,51
s40efdd5b981dcc7a,C++,19
s40f927a4e61c22bd,C++,62
s40fad53a73022b34,C++,56 87 92
s41065c6ee80e8780,C++,29 69
s411605b7ec70ac39,C++,41
s41320d3e40287ae5,Python,7 20
s4156edb4bf1d5ffa,C++,19
s41574f80709ced3d,C++,72
s41630430570489cb,Python,9
s4166a8b436015ebc,Python,5
s41739db3d7308c4c,C++,19
s417592a612331f8a,C++,19
s41761c0e3bde7e75,Python,23
s417a583aeb50ca6c,Python,5
s4185569798067611,Python,26
s418e2be196262aac,C++,22
s4196f378ed5108ab,Python,66
s419ea6e52df36bfe,Python,2
s41a52bf9639a572c,C++,22
s41ac3b13d0ff7387,C++,6
s41b66a2e2c6346b2,C++,4
s41bcb8a5b2aa4db1,C++,65
s41e40769fd10ef08,C++,19
s41e4e6aa13b79c06,C++,38
s41ea20d7ae8f5845,C++,69
s41fd51d79147dbc3,C++,29
s42125d03663b65f4,Python,4 6 7
s421e4a625558942b,C++,49
s4235d7ae63dd57b4,Python,3
s4236996e14e6cf4c,C++,12
s42398ba0ca88b9fc,C++,26
s4243eb46ef917258,C++,16
s424b4574de9d2654,C++,6
s42609d52ccd5792d,Python,5
s4272e79ff4e794d6,Python,11
s428595cbba6fee44,Python,3 4
s42bc757d7b3158eb,Python,7
s42de07b3eb737ee5,C++,32
s42ff9a91c78a244c,Python,12
s430d8fbc9f9534bd,C++,81
s431639c4677aad8e,C++,31
s432ad8af7e016096,C++,14
s433001120d38de04,Python,6
s4348f55b7f7ed4da,Python,4
s434cea1cb1e396e2,C++,49
s4359ab2d5155032a,C++,12
s43612563c83b08f0,Python,1
s438f9140947309d6,C++,101
s439f14a4bbfc5e09,Python,4 5
s43a753583b5262b2,C++,8
s43ac5a283125048d,C++,33
s43c0cbc628f746b9,C++,36
s43c5ea7c20e7ccb6,Python,6
s43c881bcd8726164,C++,7
s43c8b4ebb3eff40c,Python,26
s43d826bad8dcbc13,C++,77
s43ddcc017b921b7d,C++,32
s43e064cb2326062a,C++,47
s4401ea6e1e8a7bb9,C++,76
s44175aaba0319037,Python,10
s441ab0c684610c0c,C++,15
s441eae421f9787fe,Python,42
s4420d31e1c7fe476,C++,25
s4423bf225667fe5a,Python,4
s4433d6e4af207b82,C++,7
s4437d1756328a552,C++,10
s4437f1aa26438a82,C++,29
s446220d1cb1d2745,C++,37
s4479e28164f6b453,C++,14
s447c687ebe1bd0c1,Python,10
s448f33870df7be79,C++,38 39 41
s449978e85f090eae,Python,2
s44b2043191fb81e5,C++,46
s44b2053d082f997d,C++,13
s44c085678ed34133,C++,34
s44e2abc59982b243,Python,2
s44e907fa55241c36,C++,22
s44fc3da48e16c681,Python,12
s44fcbb52d55d68d6,C++,48
s44ff1e8786fab42a,Python,3
s4509872fdd994ee6,C++,36
s45168e6ae7ddd463,C++,32
s4522b899ab61351d,C++,39
s45261cf8f0c546f6,C++,76
s453405d7a17396d0,C++,47
s45459a759f6ae13d,C++,95
s4555c6b5ac8c4345,C++,6
s4566a833530f4435,C++,29
s4575ad82b2cd97e6,Python,4
s458f45de016240b1,C++,13
s45b25890f78e928f,Python,10
s45bb5125047b2262,C++,47
s45e48936dd949fd8,Python,4
s45fb6ed8c9d1361a,C++,15
s46033b0b99d8e1a8,Python,29
s4609d56a162ece08,C++,99
s460af6f05532a52a,C++,12
s461cc04271171001,C++,11
s4636d74ebbf348ac,C++,21
s4649525aff8a482d,Python,43
s4652938153ec86c8,C++,25
s465a469d5ab46562,C++,21
s466032338042bfdc,C++,11 12 13
s4667a0ae59b54868,C++,88
s46715ac239c86007,Python,14
s46803c227cafe63b,C++,70
s4686c7457e17d3b8,C++,31
s468d1d9b342e3b51,C++,49
s469b6a2d8bac7995,C++,34
s469f074e4c430646,C++,45
s46ad414361de03d0,C++,32
s46aeb628d1c3a279,C++,47
s46bb863bba1e60c5,C++,64
s46daaf5451c39fe1,Python,11
s46e0f88215a1e4b0,Python,9
s46e9ffc655225704,C++,9
s46eb6eafab5b681c,C++,39
s46f6aeb22404f802,Python,55 58 59
s46fb628d33697556,C++,36
s4702a32964c236c4,C++,12
s4715088590be1125,C++,8
s471566d8dc050071,Python,2 5 6
s473c2559f1c9a411,C++,21
s474228a73064c8af,Python,22
s47430ae7b4b25777,C++,12
s475545fa64dea2f9,C++,36
s476f0f3f33fa30c1,C++,35
s47789f4eada13d28,C++,18
s477c8d3fdeb708cb,C++,34
s47b198758b169f06,C++,12
s47b2cb4a404d826e,C++,38
s47b6f3116949fbff,Python,29 35
s47bee68cb5990610,Python,23
s47c563c8a62abe02,C++,50
s47c690f6c0bd5d35,Python,8
s47e5465d2fc90deb,C++,10
s47f9cc593d49bd49,Python,6
s47fa8715c778b497,Python,20
s4803bba8cca36a2f,Python,16
s4809d832c23c545e,Python,24
s4811e8194734ba7f,Python,4
s48155779bbb61a23,C++,49
s4815b00c041d97ae,Python,3
s482adaffc4c06f1b,C++,16
s48344d425e19f498,Python,8
s483843c1122a0841,Python,69
s484049879213f926,Python,10
s485362aa69a92691,C++,6
s4860efd92ec0ec66,Python,4
s486b44193fb9bd25,C++,18 19
s486d9dc62a3d6aa0,C++,15
s486e935e7932bb3b,Python,7 8
s48785f0f34b1fb6c,C++,17 35
s487fb2759f0200ac,C++,53
s48825c10afea7402,C++,24
s488946d33cbe9da6,C++,7
s4896712df559a59f,Python,4
s48a178a7e703139c,Python,3 4
s48ae66ddec48f08c,C++,5
s48aeca4ccfba97b5,C++,30
s48b1ce56e2a11aa1,Python,20
s48b96a7ba7a5e050,C++,11 13
s48cb335014880a73,C++,15
s48cc27ab4010e2eb,C++,37
s48ce3031e9822901,Python,16
s48d13e0e965fd2f1,C++,29
s48d9b192b39b75ff,C++,106 107
s48e93fb3dea5c69b,C++,17 33
s48f8f5e1e535a424,Python,18
s48facd4a3778a75c,C++,32
s4916925f64a1716f,Python,5
s493054ad4fc2d19b,Python,23 34
s4935973f2ab43598,Python,5 6
s49429e8ac3aa056e,Python,35
s4968c9d1890d1e18,Python,39
s4976a03655ec77f9,C++,22
s49b999aa061bb2dd,C++,25
s49bd4c8c66bedf56,C++,65
s49c6e9f0ead3d26b,Python,10 58
s49defecd1612ed48,C++,18
s49e421c927680b99,Python,30
s49efdfe852abf7a7,C++,14 16 18
s49f561e64ebca0be,Python,22
s49fb6184b4976b80,C++,30
s4a0038cadde67b26,C++,100
s4a098b6276e19597,C++,43
s4a16bdcc4a72ec46,C++,33
s4a1ef3812dde7228,Python,17
s4a288ce97334c1fd,C++,66 67
s4a4fc8e21f115e96,Python,14
s4a5ba74d04f8d0e6,Python,34 43
s4a5c237af4f69fb1,C++,42
s4a64b2210802842e,Python,2 7 9
s4a6f2dd6c010e10f,C++,12
s4a77bd776530d848,C++,57
s4a92a35e93431d46,C++,64
s4abc7238d05b86f4,C++,6
s4af25b9f433e5ace,C++,14
s4b011d25de852c67,C++,8
s4b029e3ddedd8d62,C++,91
s4b037d62ff9d6370,Python,1
s4b0682be0c51ab63,Python,1
s4b20df412951e9cb,Python,20
s4b219a238fe321ce,Python,4
s4b242a1f144d1e8a,Python,13
s4b24c5e46f8b437a,Python,35
s4b28f38f19d2c329,C++,37
s4b3d21ae46dafd51,C++,41
s4b52bbebad448acd,C++,66
s4b5770ecf0c4afa2,C++,28
s4b58233ae6eba258,Python,2 6
s4b666f733765e8a2,Python,20
s4b71e3a032ab33db,C++,22
s4b756a7d7663f69d,Python,32
s4b84483bc781375d,C++,49
s4ba278a1e57c8a35,Python,3
s4ba8cf764665bcfd,Python,6
s4be61fd10c25932f,Python,16
s4be7bd5ff640f8af,C++,36
s4beb1a86abe9c7aa,Python,11 12
s4bf339e8458a9a5d,C++,13
s4bf7541934c8918a,Python,22
s4bfdc4d3a73e59fd,Python,4
s4c1361276b84ea7a,C++,31
s4c184e960e7308b2,Python,3 4 5
s4c1af872b937b90c,C++,57
s4c2f79e28024e75f,C++,20
s4c390cf6f68da92a,C++,21 105
s4c411dcb41c654e7,C++,42
s4c44e73767e1dee7,C++,52 53 56
s4c4829f0fac2a248,C++,52
s4c62cc0404fb358f,Python,1 5
s4c65b699d56675e9,C++,55
s4c7a8dd90c86fff2,Python,8 9 21
s4c7ea320b9f0cd5d,Python,3
s4c8b9613f67677c2,C++,56
s4c986635c907087b,Python,3
s4cbdf1539cba4cec,C++,60
s4cbff6ff666c147b,C++,72
s4cd47c9427214126,C++,16 23
s4cdc1fa1aaf097fa,Python,15
s4ce2e45515e827c1,C++,28
s4cebfacb85806dd9,C++,83
s4cfae8f6dd14ea32,Python,89
s4cfd2e0a10cdd660,C++,64
s4cfe63177804c123,Python,15
s4d3145ba09e50bd0,C++,50
s4d34baa14966bb38,C++,11 15
s4d3ac5aacc497fd5,Python,5
s4d4cffa8cc3db7f9,C++,38
s4d5749588bc38cdc,Python,2
s4d5f01a1204cb93a,C++,25 26
s4d6469d0f5140821,Python,3 5
s4d901f656caf8599,C++,45
s4da026c6e34ac18e,C++,30
s4da163fca28ede1c,C++,25
s4da2efb5243f0f31,C++,31
s4daf9d0796d742cc,C++,12 13
s4db11442ec38f53d,C++,21 23
s4db1f75726e0b01a,C++,33 60 61
s4db695fb1e11e9d5,C++,61
s4dce102764d62cbc,C++,22
s4defc46bee7080f6,Python,28
s4dff3b29983f4a57,C++,37
s4e130d6208bfaa37,C++,14
s4e1688726e5d604a,Python,6
s4e181d246ad5e7d8,C++,64
s4e29a5d37c6927f4,C++,7
s4e3c6f2843360b2a,C++,18
s4e5a620573d57db5,C++,43
s4e679a2580648ab3,Python,1
s4e785a0e1d637607,C++,30
s4e9ac7ded3647f41,C++,13
s4ea6fe0fa57e4603,Python,2 3
s4ea748c68070c2c7,C++,9
s4eacd05492aaa757,C++,59
s4eae02f3ee9dc48a,C++,20 21
s4eb6c7f51464f61d,C++,45
s4ebf201054264bb0,Python,4
s4ec26ed5e553d3a5,Python,8
s4ec3c43b3fdd2376,C++,39
s4ecffb57d3731c56,Python,3
s4f10099917acd1aa,Python,5 6 7
s4f12cb739b7d4bbf,Python,13 14
s4f4125b9f3be48bb,C++,9
s4f57d694dbd66ad3,Python,10
s4f594523756e70f2,C++,21
s4f5e30ebd3c2ba7e,C++,92
s4f6ccc996cdc83f1,Python,1
s4f6e7c026b99a422,Python,8
s4f9193ac8fc1accd,Python,6
s4f9589e70336b57c,C++,26
s4fa1e1774820a026,C++,52
s4fa9e1787094c325,C++,80
s4faa132df701bcf2,C++,25
s4faa97c91821ba7a,C++,53
s4fcef785ec0b4fdc,Python,14
s4fd2d9997224226d,C++,43
s4fda436e12946db5,C++,19
s4fde0eda59169fcd,Python,12
s4fded8f2143bb613,Python,3
s4ff48a8666e174ae,C++,25
s50150aaee362ae83,C++,44 56
s5024c778aecd8c94,C++,21
s504a3013983c1bc6,C++,15
s504b10793afb901f,Python,4
s504b65dca70a4f9a,Python,73
s504bf79ed19c71f8,C++,6
s508098b69e36db29,C++,11
s5081fa6c05c0984b,C++,7
s508477a527a1c56b,C++,10
s508ae32a352e780b,C++,51
s508d3d3988bf2a31,C++,26
s5094eb056f6de2e9,C++,12 75
s509c5c1347ebdf0f,C++,35
s50a262c69d342936,C++,35
s50b2b7cfd4cccaf5,C++,80 86
s50b3042280ba5b4a,Python,9
s50d8cceef9c07fbe,Python,11 12
s50e5a345472f1e12,C++,47
s50f0a1cee8c3e0da,Python,21
s50f65b979e1a837d,C++,14
s51143ad947093585,C++,7
s511f4fa544288434,C++,4
s51271e1306282ff5,Python,7
s513aaf8cb55a6abc,C++,86
s513f36b96e69b54b,Python,12 20
s5142e4e976f4d58a,C++,19
s5154715374409348,C++,61
s515868231054b953,C++,10 11 13
s5160ffc712707fac,C++,8
s516263be39c87733,Python,3
s5173576f6863a64a,C++,12
s517f05ab0e9ddf63,C++,24
s517fe76adb5319e4,C++,24 27 29
s5182bdc099b57e3e,Python,14
s518ea22df43a5b8e,C++,48
s5193b26362746539,Python,21
s5199942928eb8ff6,C++,61
s51caa1378e0132be,Python,9
s51cb6d025e670310,C++,14
s51e39965e81d52a3,C++,13
s51f0ab77b99cfda8,C++,53
s51f280efd87a8ee0,Python,17
s51f7f9c209b4b54b,Python,13
s51fa4f649aec954c,C++,33
s52035c0b215b949d,C++,50
s5211a8dd6351b623,C++,66
s52228cdd2e2feac5,Python,5
s5235aa2ce7c024bf,Python,54
s523dbe6a58b4f94f,Python,6
s5245d67a14743e69,Python,38 39 40
s524c6ea4bc0ada30,C++,15
s529113f4928e3f3c,C++,28
s52c7c37d939d19e7,C++,26 28
s52c85d43a8a71532,Python,18
s52d204a64c19dc9d,Python,9
s52e7346867ff83ca,Python,1
s52f9fd14a0af9790,Python,6
s530c468273941a74,C++,23
s53104887d1013d90,C++,105
s531bbe85099c11fb,Python,25
s531d103c94bc5e42,C++,6
s53553bfd11df66a2,C++,55
s536f60e97e8f6e80,C++,18
s5387755c3ccccd63,C++,63
s5390b762d3cd43c9,C++,42 43
s539c40c3a865c787,C++,21
s53a3d15b01c6749d,Python,6 7
s53a92e37b153d38a,Python,5
s53ae89c4d85ca46e,C++,24 26
s53cfbee133c184c4,Python,3 4
s53e0b06c2586d8df,Python,2
s53f73f5e50c653fc,C++,58
s543113978df62520,C++,36
s5434b928161628ff,C++,15
s543a148822f5cb11,C++,41
s54463040bd554120,Python,2
s5448935479909444,C++,29
s545e74e8b9763b6f,Python,30
s546a022282cd4b65,Python,19 20 21
s546a8c3c7985a7c8,C++,39
s5470c702fb03be25,C++,31
s5477a96201d45598,C++,75
s548251f366bdcaab,C++,21 40 41
s5486ce7c3b83e743,C++,72
s548ce10193cc2155,Python,4
s54bb4d197622d1c2,C++,8 17
s54be5f8f2d82f589,Python,17
s54c1c80a8b6d9615,C++,15
s54df0f87f11e5f23,C++,53
s54fd1b5a4b440108,C++,7
s5502c7dfc232909e,Python,2
s5516ec5b401e8af8,Python,11
s552ae59391e4e760,C++,7
s552c703f25441da2,C++,92
s5534d8f2f433eda9,C++,5
s5534de12ff899324,C++,96
s553c571aade5f9ef,C++,6
s554716a94774c48d,Python,2 3
s5564f0f48554ac12,C++,67
s556822ff11294c32,C++,8 19
s556d4f9bb6ae9bcd,C++,17
s556f35bfac531805,Python,17 24
s5571d5c6929818c8,Python,53
s55753ec856bbc705,C++,4
s557a30858f10cb6a,Python,4
s558dafce11e58268,C++,15
s559c9a71bfc29743,C++,5
s55a8c456be07900e,C++,22
s55ded971ff945b59,C++,39
s55ee564a8880269e,C++,11
s55f0642678a64be2,C++,20
s5600d059325215a6,C++,3
s5602029d3fca35e2,C++,17
s5609a969cde0f322,C++,24
s560d836ae29b9504,C++,30
s561a6f0f7412d5dd,C++,39
s5621d351b5a9e8fc,C++,40
s5631f679bd31c6f4,C++,18
s56575bbe89f123a8,Python,3 7 8
s565d613ddf057ba7,Python,24 26 27
s5663c13a136dfc31,C++,79
s56724e63b0b97c62,C++,36
s567a03b70566948a,C++,19
s56817ed3d5d03996,Python,8
s568d272fb71db121,Python,7
s569af7dfe0b1dabc,C++,24
s56a0751775b756db,C++,30
s56b54237ae44ddd7,Python,37 38
s56b5e432ff2135c0,Python,20
s56be5e5151694dd8,Python,25 43
s56c0061db1e297c8,C++,54
s56ddc39b1f97d789,C++,20
s56e16cb25e00cbde,C++,58
s571e4d6755a8e462,Python,11
s572449989dad8580,Python,32
s572ff44a23bc5905,C++,24
s5737f68b467523a4,C++,24
s57481f5237838bbb,Python,9
s57653751771dfd80,Python,22
s577d94aa5ad1ec3d,Python,46
s57949e6128b8ebeb,C++,34
s5798aa24864846e2,C++,117
s57a4b15b47782262,C++,7
s57a8a95524850a7b,Python,2 3
s57c10f6e056b3ae8,C++,12
s57cd070eef811c29,C++,19
s57d9d7b5d81e0146,C++,10 63
s57db8fbd75f71e74,Python,2
s57dd2294fe248862,C++,87 88 89
s57ec8d19525f194c,Python,27
s57f6aec21012124e,C++,49
s57fefefe0d15e5be,Python,13
s580064a4b288d92f,C++,29
s580738f09f907f3c,C++,52
s580813b0131adecf,C++,16
s58120bb1d5b182b4,C++,25
s5816f9a49b7411cc,Python,31
s58381324c73dff72,Python,20 21
s583aa4724c39a94b,Python,30
s584a2143fd6d63e0,C++,8
s585ecaad089dc18c,C++,47
s585feb43669ae014,C++,17
s586ba4ffc1b7d3b3,C++,67
s586f05d420c84312,C++,35
s58867274b6f8fc25,C++,7 101 102
s588861a19606a3ea,C++,4
s588b513dbc84d0ce,Python,12
s58b8d19660cd8259,C++,99
s58e040ef20f36811,Python,5
s58e6be9267e9cf2e,Python,7
s59055ac8d16cf557,Python,2
s591a8fa125960b5e,C++,29
s5921cc2a5a609f98,C++,15
s592f00ef71a40963,Python,58
s5932a9abd439e4e5,C++,23
s5940a7b83f47f4ae,C++,6
s594d343b2ec87057,C++,63
s595440553b9c4e34,Python,11
s59558f5fdc587f49,C++,88
s596b5d99c412949d,Python,2
s5972696ee06caa40,Python,7
s5974ecca2498a24f,Python,53 68 73
s597727ebd4041551,C++,34
s597ec69289bebcb9,C++,46
s59931a958a89e0af,C++,47
s599cc7dea216f775,Python,6
s59a869b8ebdf6470,Python,25
s59b01cd30f9ba502,Python,77 78
s59b88232fc42fc74,Python,6 9
s59c70be4e9aa99e0,C++,20
s59c724363ae70b11,C++,23
s59d721bcad4163ee,C++,11
s59d86443b7e80a57,C++,41
s59ddd94cb313bf25,Python,6 7
s59de7133e3267029,C++,49
s5a0c789f9885aee3,C++,39
s5a1182c092b44af7,C++,24
s5a1618a0535a9f69,C++,21
s5a2479783bf9db77,C++,22
s5a28a03ec00d701b,C++,58
s5a2b380824ea5db6,Python,25 26
s5a7f30b838cb5b6f,C++,48
s5a85d3e64e520342,Python,5
s5a878bbb8007fa8c,Python,7 8
s5a8ce74a72245afc,C++,37
s5a8d87053c9052da,C++,38
s5a8f23ff1d7750ed,C++,33 36 40
s5a9096cbef475d5e,C++,71
s5ab6261981ff984e,Python,47
s5ad8b1121117a819,C++,34
s5ad927800226ed6e,Python,9
s5ae170a612e2e6ef,C++,41
s5b1fc704a5ad73e8,C++,27
s5b267a738d61e83d,Python,48
s5b2723bd60075d5e,C++,23
s5b2a973490287fa9,C++,45
s5b3269a2631c7755,C++,36
s5b33ba91c41b0ddf,Python,16 17
s5b4176027b0c4632,Python,12 14
s5b41e0abf4df0df1,Python,6 8 12
s5b56fa929c36caa5,C++,70
s5b582e220fb1dfd1,C++,35
s5b58f5a7804f5e43,C++,16
s5b63f53c3d238858,Python,1
s5b7ad8c5af252848,C++,9
s5b997bb783c25efc,Python,110
s5b9f7ae3efffda69,C++,26
s5bcbd57c58681fd4,Python,21
s5bdc281086212c7c,C++,31 64
s5be29397cf3b17ef,Python,23 27
s5be6f42fc630b7ea,C++,41
s5beae501705d0575,C++,2 11
s5c13bdc96d99d561,C++,42
s5c14e82ff7ebaec4,C++,88
s5c1cea6d237b438a,C++,20 51
s5c65aa78e6ba1eaf,Python,43
s5c71386baeb8ac2a,Python,1
s5c8a3df13295f3d6,C++,73
s5c8aabfe9f0d839e,Python,21 22
s5c97ba6fba666914,C++,19
s5ca200a8e8e3dda5,C++,11
s5cb6ad38d356f4c6,Python,9
s5cc764b0a8a62536,C++,25
s5cc980089bfc7dfb,C++,14 48
s5cd0325f625de26a,C++,20
s5ce9b05fdac6055d,Python,24
s5d0017388d8a8754,Python,14
s5d053fb0cc81855a,Python,4
s5d120b43080cf050,Python,10
s5d12a76224beefa8,C++,38
s5d1ff97fe1d4ea52,Python,1 3 5
s5d48c5dcf1f2da7d,C++,11
s5d4c036a223d5e2e,Python,3
s5d634e504e2cfda7,Python,18 23
s5d74537d3b75ee10,Python,5
s5d8360abba2d66e3,C++,8
s5d8a565feaf8f3d5,Python,10
s5d9c013d208761c3,Python,12
s5da39a1ff8fce500,C++,14
s5dc62841bd06025e,C++,10
s5dcf5dfaa0e898d9,Python,10 12
s5dd4d91660646d1c,C++,11
s5df0f449c6a2412a,Python,7
s5e01148638890b2e,C++,59 61
s5e0585b75cf06bbb,C++,31
s5e08953df496ca27,C++,17
s5e206ceb431191ac,C++,87
s5e27b56621442178,Python,8
s5e318de1b8cfc1f1,Python,1
s5e31b654d7339b30,Python,9
s5e377929cb7e4ef6,Python,16 17
s5e48367716225584,C++,59
s5e58d22e776a84b7,Python,3 5 6
s5e5db9fb0bc6d1da,C++,44
s5e6ae6405ac5294b,C++,47
s5eb00c192b228ee1,C++,37
s5eb19af0ffc8f46c,C++,27
s5eb206c67cd2d77b,C++,13
s5eb771912b90facd,C++,26
s5ebf461caed9677e,C++,17
s5ec2aae42f7b22f4,Python,1
s5edb74f22838eddd,C++,10
s5f08078a5687ee73,Python,40
s5f2633a8414d271a,C++,5 9
s5f2cdc74627cbc54,Python,1 24
s5f5527c20aebb6b9,C++,51 52 55
s5f621240d7ed9179,C++,8
s5f6a86c74027675d,C++,8
s5f72a6a363b77c2e,C++,45
s5f7496bb2231e036,C++,27
s5f762a1141ef42e9,C++,22
s5f7c43f100b92018,Python,8
s5f80b5793181afa1,C++,17
s5f9e7edee2c2150a,Python,22 23
s5fa34db5bad0d632,C++,32
s5fa96b1de7458ccb,Python,4
s5fae1b5b3975f7c7,C++,38
s5fc389baf1da7cfc,C++,27
s5fc6dbe6f3e78867,C++,20
s5fce9607ca8ed673,C++,12
s5fcef8eae855e8a3,Python,4
s5fd77b969aeff4ef,C++,12
s5fd8ec20922aa1b5,C++,73
s5ff2d4c11a4d94c7,C++,72
s60057d7986c7ecfd,C++,8
s60061ad506c88aa4,C++,92
s600815b1583e3838,Python,7 8
s60117dd0fb061157,Python,2
s6016a219802e4e11,C++,12
s605b508b9e7eed16,Python,47
s606e4e47842795f4,Python,14
s607342590b393e20,C++,58
s607b3088bd6dcedc,Python,85
s60874075377f5239,C++,28 29 30
s60ae10dca6d07ac2,C++,24
s60b49880734d995b,C++,21
s60fa04a503800958,C++,14
s61079bec529d0641,Python,8
s610970182c441420,C++,32 36
s6109ca3c8161199e,Python,2
s610c8d842d161f13,Python,2
s614f7cdb43ca0782,Python,34
s6155a5439641283f,C++,60 76
s618aa03dd19d9f4f,Python,8
s6198aafb6d0fb7a0,Python,13 14 16
s61a0c36195159dfd,Python,8
s61a653037b29c573,C++,7 13
s61a80892bb2a4620,Python,15
s61b4f5f84146d3b8,C++,65
s61caeac49c8e617b,C++,41
s61ef6412fb7dea28,C++,10 77 101
s61f15587f60db55c,C++,8
s61f2ee81295d282c,C++,59
s62037a248bcb9486,C++,6
s620f59a509ac188a,C++,41
s622462439a41713f,Python,18
s622908aab2ec1739,Python,23 24
s62332151b7a8598c,C++,59
s623d2bc9e03efda2,C++,18
s623f110faf0df184,Python,2
s625246cbb8a43b23,C++,38
s625e7301b0330eab,Python,5
s6266157d28dbee16,C++,42
s62681972d476fb54,Python,12 14
s6273516c461243a0,Python,20
s627546f2b3125151,Python,48
s62926adc37f95332,C++,8
s629b4293dbac5fc1,Python,3
s62a4356e5d4c0c7f,C++,10
s62bc5b56d6174dad,C++,20
s62d25cfae1259a70,C++,44
s62e910375aa2641b,Python,4
s633cda3cfa3ded25,C++,9
s635594b8addefc36,C++,23
s6359a345a1781628,Python,12 48 50
s635c0c76b3d91918,C++,8
s637824d2a60011d0,Python,22
s638152a34c9f9e50,C++,81
s63898aaa6733cc46,C++,65
s63a5c42c20f01d46,C++,56
s63d060491a0c4703,C++,5
s63d8dd1c76b692a9,Python,5
s63f6b5675c33d289,Python,3
s63fa0f050a1f405f,C++,19
s6401c15756b29091,C++,62 63 67
s64027f0758bf50dd,Python,3
s6435eda93ba79043,C++,13
s6440be2d0d6a9669,Python,81
s6447ca4810c9f9fb,Python,48
s644a79b3bcec2d1e,Python,3
s646fdd3102344f83,C++,34
s649cc91322df8412,C++,33
s64ace0773337218d,C++,6
s64be1d7f026dc487,Python,41
s64c44c5d1b74d90a,C++,53
s64d6c8a67a4d5f1b,C++,16
s64d717cbed3ea079,C++,27
s64eb0abd78f15691,C++,13 17 18
s64f2b2844994b781,C++,46
s64ff3ef44c506a73,Python,1
s651b905da837bfe8,C++,7
s6535fecccb8c2d81,C++,52
s653bc2a3443226a2,C++,16
s654aa0e0a3beb880,Python,8 9 11
s6558f8d9758e5f2f,C++,48
s655d98a0e3b95b6a,C++,53
s65a2b37763e22c08,Python,12
s65aad7234953d8fa,Python,3
s65adaea754f8f589,C++,11
s65b8e97fcea43ed7,C++,77
s65d7ef4a127c23dc,C++,65
s65df7970216e757e,Python,3
s65f8f24254df9642,C++,32
s660eb2704acc6d20,Python,2
s661b38a912fc3fbb,C++,24 30 51
s661cff6dcc48d590,Python,18 27 28
s66317d007d8ca02a,Python,22 23 48
s66328fa104d5e368,C++,89
s6641b26df57052b0,C++,17
s66451b82712cc3fa,C++,13
s664a7e2f4a3397c5,C++,99
s664ac74842df48f3,C++,19
s6651e96e3fbd874d,C++,25
s665d0bd12a705ac4,C++,56
s6667ca62008e7775,C++,18 19
s666d3a0e30a67dd0,C++,10
s66a9b2ae1d82a738,Python,29
s66dfbeac3041572d,C++,9
s66e6e10bf7846d5d,C++,26 28 30
s66fae08065a69997,C++,25
s66fbe5a289e93683,C++,60 79
s671383474c5d2fba,C++,90
s671850da040f5c5b,C++,38
s672783be810904a3,C++,30
s67374645453d0e07,C++,62
s6743ac0920e13eea,C++,20
s674d3a858b5dcb05,Python,2
s6752a22a491657c3,C++,7
s679bae14d91f6486,C++,9
s67d93167787b0396,C++,31
s67e8426a86bc83c1,Python,1
s67eef529544edfc2,C++,7
s67fc9a901e277a91,Python,4
s6808fd1a852d4a47,C++,62 67
s681a519c0e8a52c1,C++,73
s682b253fe66208be,Python,13
s6844e7483ea74584,Python,3
s684b718b2286e4de,C++,58
s685d308f3165f4b7,C++,6
s6870abea22e56331,C++,35
s688218c5301d9bf3,C++,28
s68942e89242c1ecb,C++,38 44
s68a090ab09e03ef5,Python,20 33
s68c46b37d01353cc,C++,13
s68ca44f3ffa56029,C++,8
s68cbda72b2439a86,Python,11
s68d05fdda93a20df,C++,42
s68ef7bc3d6bfbe03,C++,70
s68f7afdb832a2b0d,Python,4
s68f96ff696c72fa2,C++,48
s690e5eb9d23c8347,C++,70
s693df5d5844f8030,Python,9
s697a15b37b1fcf5f,Python,2
s69a10a1b92c2ae89,Python,15
s69e1cc3f55c6f036,Python,61
s6a18be068e500a79,Python,5 7
s6a2b650826eda3ce,Python,18
s6a4ee26ff3a94162,Python,14
s6a70dc8f300a092a,Python,12
s6aa3fbbb4eb65c5c,Python,7
s6ac3a8aea2f774d1,Python,45
s6ac6339e9ef02ec7,Python,28
s6ad83ddaef8944c9,Python,14
s6ad97600af9af8e7,Python,1 2
s6af9ba6002a65cde,Python,6
s6b201ed018e4622f,Python,18
s6b8492799c8eea79,Python,18 20 21
s6b9b37fd4c71959c,Python,41 45 69
s6bbfd1901db25db8,Python,34
s6c3cedd51ac51bdd,Python,4
s6c6e93c5aa9b554f,Python,23 24
s6cc93185650af4ca,Python,5
s6cd74ad49f33d797,Python,1
s6d3375ce08312ccf,Python,31
s6d72bc6d13d60581,Python,8
s6dd5cf31c0964c2f,Python,11
s6df96f6ad204cd00,Python,6
s6dfe1cfb3b6c9caf,Python,23
s6e4bb3c317d8a49b,Python,32
s6e5796ffc30e0f36,Python,7
s6e8bc3bf7a22cff3,Python,1
s6eb56ea41cc8e1ab,Python,14
s6eb9bb7b3ad9aacf,Python,11
s6f2bfd01dacf91b8,Python,5
s6f3ea7cf0dfc2b2a,Python,7
s6f40dafd4fb2dcf8,Python,8
s6f7f144a2d40e9b3,Python,19 21
s6fa5d2835f627e0e,Python,13
s6fe080d569a83570,Python,1
s7009a6a7a4ff6816,Python,27
s704293ff355ccb4c,Python,43
s7048627c101333cb,Python,11
s70689af1cfcdb21b,Python,14
s709345d9d2520b11,Python,20
s70bfe7c7339a03b5,Python,14
s70e04bb95e86e6f9,Python,6
s70e5b4157b94852e,Python,6 29
s70eaa74bbd29ff16,Python,8
s71390eb90221578f,Python,32
s71bf316778eec9b3,Python,28
s71d59f8bdc5f5e98,Python,7
s71e119c6988f06bf,Python,3
s733b3489d78a22d2,Python,25
s735aafcd5c265078,Python,29
s735f65dcc17aa0f9,Python,29
s73b38bb919c42e22,Python,17
s73c0770bbd47af14,Python,20
s73c5cdfb2d5a38c1,Python,36
s7422ee5562e0a9e2,Python,5
s742a2f0aab574da9,Python,4
s7430822c5c86938e,Python,11
s7448713e136044d8,Python,21
s745761e674fe717c,Python,5
s7499f4ea351494f3,Python,9
s74cdbb0fe9289a9e,Python,11 17
s74dbfffb21f75e26,Python,41
s752750c07bdb6355,Python,29
s752bf1a3d9136f52,Python,20
s753aba5d8f5af3a6,Python,1 28
s75569d86a0f0283d,Python,3
s755771f0be849591,Python,5
s75c9747521da28a8,Python,3
s75e4934c304068b4,Python,15
s762724b521960314,Python,5
s7678449c6c169b8a,Python,19
s76798b1b58f95331,Python,2
s767af32b3bfacce2,Python,5
s768f713916109600,Python,3
s76b5f6ff9c15bd56,Python,2
s76c5c3a69fa96700,Python,18
s76ccc8ce2f8fedcb,Python,19
s77064374e626a53a,Python,4
s772844e0a1e8d785,Python,18
s773c84580344918a,Python,44
s7748dbf59d119f24,Python,6
s782ee4857e1274ea,Python,1 2
s786443dda7582afa,Python,15
s787d4b032bf12168,Python,4
s78892184a9aa9f8f,Python,6
s7894c383230d3947,Python,13
s78adb2963f38b101,Python,17
s78c212a965122e48,Python,4
s790a13135a5dc6d7,Python,17 18 19
s79402a081e703092,Python,6 9
s79529082acac06c9,Python,96
s799671cf1be0c7d0,Python,9
s79a23f6e92d668f6,Python,6 7
s79a9aee12289276c,Python,16
s79c0920df15ac8a7,Python,8
s79cb54f3b8faa911,Python,1 2
s7a89dd7d7bbc7e45,Python,2
s7a985df4ce603c19,Python,68
s7a997e7273867bb8,Python,2 21
s7ae12d3fe648bc17,Python,15 16 27
s7b092666d956bca7,Python,35
s7b47e924a93e9ac9,Python,3
s7b61bc47451e0b95,Python,5
s7b791cdd3efc1e38,Python,5
s7b89b2c0c5a420ed,Python,3
s7bc1cc4280f18abc,Python,14
s7bd18aa1313d4387,Python,7
s7bf305b4fd887757,Python,39 48
s7c153b5a75df669e,Python,6 7
s7c580a8e24697dcd,Python,13
s7ccad9d0a1489447,Python,12
s7cdd6f931379ad21,Python,17
s7ce69970dd14ebd5,Python,24
s7d66aee31a43783b,Python,4
s7de7107743898534,Python,9
s7e8bb17ecb21e650,Python,4
s7eaa54631f42cadb,Python,10
s7eccc915d08e52f9,Python,3 4
s7ede4c7092091085,Python,18
s7f26cffeb3c4b3c5,Python,2
s7f5ff9819dfe4f49,Python,1
s7f65d30e1483ef86,Python,6
s7fa93b4115760175,Python,3
s7faa94fdb57b10d2,Python,11
s7fcaee8c0966243b,Python,55
s80954fba5f128ce9,Python,50
s8130a23def7e6929,Python,17
s8151e1c91b40a4b2,Python,40
s81973221cbacd430,Python,2
s81a2806a4074b078,Python,8
s81e9a31184cc379c,Python,20
s81f79a0da7affc23,Python,7
s8243fd9c6ab39e44,Python,28
s82767afead92cc7a,Python,15
s82b134e61c29c68b,Python,4
s82eb595cbac4198c,Python,18
s830fd1bed63e936b,Python,10 14
s83246330a7b7fca9,Python,45
s833cf7e2fcbf4c45,Python,19
s8352c2b1a382e37a,Python,43
s83787027fbd309cf,Python,5 7 67
s83cafbcedd3904bd,Python,17
s83df03bcd91ecd9f,Python,6
s8403c4f12fdb37d3,Python,51
s844c677e34a8eb5b,Python,7
s844d895f11f9ccc1,Python,1
s8470b52210105b13,Python,17
s848b1936a6eeebf5,Python,3
s84d041f6bcc5a26a,Python,42 48
s84f23f480ab597be,Python,2
s84fca59572287b9d,Python,2
s853d546c88b7d1b5,Python,3
s853f51e6af75caff,Python,1
s8568347aeca5076a,Python,5
s859fe3d91013fe01,Python,17
s85dc706a8afc33b6,Python,8
s86009f18bb2e05e5,Python,5 7
s863769ed08af9b72,Python,2 14 15
s863a4bf254e71058,Python,73
s863d46d94d2fff37,Python,1 2
s8661e36d6e4bd2de,Python,23
s8679c72f7c3f4b9a,Python,4 6 7
s86afa97c3c727543,Python,8
s87118e3805ed441f,Python,15
s87278bc429132f7f,Python,26
s87587eeb2b381dd7,Python,1
s876b6ea630d70eb2,Python,9
s87c6ef3e1518a35a,Python,2
s87d98b2303cecfef,Python,93 109
s87f338566ff7b19d,Python,4
s88078114f0bca0d2,Python,1
s8813950f57fd450d,Python,3
s88185bf7bbe3796c,Python,3
s8829fefb92bc7a62,Python,19
s88499010ec7e5e56,Python,30
s887be963d2b8719d,Python,21 23
s88b1423dd38c5f19,Python,2
s88d022fc07a2516f,Python,29 35
s88ef3ca8c052ef0f,Python,9
s88f948355df1a829,Python,7
s8994eb62f14f8783,Python,13
s89a8a5159fef1f58,Python,4 5 6
s89b766a909d29246,Python,76 77
s8a0ef0085b7b8290,Python,5 7
s8a26b1b8efb1ff2f,Python,30 33 43
s8a70ec5703490bf4,Python,56 58
s8ac2a4c8499760cf,Python,5
s8ad520ebdfbe3225,Python,10
s8ad90a3fef684052,Python,16 17
s8affa324a3160987,Python,15 20
s8b54320447f665cd,Python,17 18
s8b82b72101d96bf9,Python,13
s8b8da059971ae2f6,Python,7
s8bc1026b3d4c292f,Python,55
s8bced51648521041,Python,6
s8bd79e05c31d14af,Python,6
s8c6ee71a424eb626,Python,32
s8cd0a98a9261319b,Python,5
s8cde36d872f49c27,Python,3
s8ce418ea75c3b9af,Python,3 7 9
s8d086a10ab802dc9,Python,18
s8da6d38e04e8629c,Python,6
s8dd56504689837d9,Python,24 25
s8e014d84b8443baa,Python,8
s8e164b76c74b84fd,Python,12
s8e48af5f50899e04,Python,22 23
s8e4e6d762ff04ed3,Python,5 6 12
s8e6384b31ad02b82,Python,10
s8edd4118c1700a82,Python,23
s8ee3d82c3f1ea18e,Python,20
s8f0d0744d497428a,Python,6
s8f21a8d9eab5bafb,Python,18
s8f3bf86331484508,Python,7 8
s8f52807592c20116,Python,1
s8f584b4d2ab23cdf,Python,5
s8f997c3eed246171,Python,1 2
s8fc70b90ad55b517,Python,14
s8fd42a95a597cc71,Python,1
s90411ddfbda07117,Python,22
s9072f9c2a852db57,Python,11
s90bee347561ffe8a,Python,11 22
s90c6164d4ccf1ce0,Python,4
s90c93b0d2e88e4f4,Python,8
s919fb824d1e2ad39,Python,6
s91f2de1811f7fe76,Python,50
s92000529fce6265b,Python,11
s924ef5580ea052f2,Python,1
s92653569b4885cde,Python,24
s928a7103eb8554db,Python,53
s92932c73715b057d,Python,56
s92b70579cf0fd7db,Python,3
s92c0091e462d1f4f,Python,15
s92f0a5168cd7c405,Python,5
s932c18480d4c6fb9,Python,13
s934feac0d3aacbb6,Python,55
s938743cd8648250b,Python,5 7 8
s9396f63efb6f7688,Python,15
s93ad600e612b59e4,Python,18
s93e03c732c7cbf4b,Python,2
s941c7e50cb54b01f,Python,2 3
s94454f6148d92b21,Python,10
s947bb6758dfdc9bc,Python,27
s9492aebb2fa862ff,Python,1
s950e33ceec9dbd81,Python,31 32
s9519173feaf9897e,Python,6
s955c99cfbea9415d,Python,3
s959e0128769e10a0,Python,7
s95b5954f3e1cdf3f,Python,18
s95e9fcc5f483a7eb,Python,3
s967828b1385dd54b,Python,20
s967b33b1b239e1a3,Python,29
s9719b52b4fc5edbe,Python,13 14 15
s9760f65892e4bbc5,Python,26
s98511b659ab308bf,Python,10
s985e08a5b139b555,Python,18 34
s9871fcbca390ff3f,Python,22 32
s98861ec8a024c166,Python,1
s98b1a6353615f387,Python,19
s98b3a251ff1b9958,Python,13 15
s98b9cad80642c15a,Python,24 51 54
s98bcd12654553536,Python,17
s994062b1079fe264,Python,3
s9946a5d231d87b6d,Python,1 2 5
s996d298478657f21,Python,1
s99aade2b178ae745,Python,12
s99cfd5a4913fe863,Python,3
s99de240f103014e3,Python,16
s9a26ef526f770951,Python,14
s9a531701adfa71ca,Python,28
s9a7a808c15f3ae7d,Python,6
s9a88a5b3a3c2744d,Python,3
s9ab10722dbc944a3,Python,7
s9ac74517919651d2,Python,68
s9aeed380b1285f5f,Python,3
s9afe01cb73fd6fb9,Python,65
s9b1af1469087d613,Python,3
s9b4507b40f203a7e,Python,4
s9b4fe8be01648ca5,Python,23 28
s9b73d01e55bfc33b,Python,1 4
s9bb3323ed95d9255,Python,15
s9bcfce479e37af1e,Python,1 2
s9be33cd1d0a57c11,Python,19
s9be848b196576eee,Python,4
s9beb68969a11dcb6,Python,62
s9bf7bd41a7e401bb,Python,6
s9bfdfa9fb2d49d50,Python,4
s9c054f3413d66dca,Python,4 5
s9c6d28235267bde0,Python,12
s9c7ea92913475345,Python,4
s9c89c9f4054c0036,Python,9 11
s9c9e95680cac5740,Python,34
s9d24c3969509a217,Python,5
s9d511508fab2b253,Python,8
s9da6b4bb157323d6,Python,13
s9dc0522a08ecf701,Python,32 33
s9de9b1b37f09c706,Python,2
s9e175796c21bda2b,Python,15
s9e2a02c418ff9daf,Python,17
s9e421c0c92d42f83,Python,26 40
s9e5a912f033ef276,Python,26
s9e67c7b53335a321,Python,2
s9eb58fa042ac2907,Python,6
s9eb598f6136e4418,Python,7 10
s9ebb57f0af29693a,Python,72
s9ef5260d38f60f87,Python,61
s9ef8206e9eb609ea,Python,3
s9f0c89898577abc6,Python,49
s9f20b916bf572a89,Python,11
s9f628010a4e90403,Python,2
s9fb782876c2b37fd,Python,40
sa018b145cc5f4419,Python,7
sa05c918d2e3d53af,Python,8 20
sa060065c30a00802,Python,10
sa0787ae370397392,Python,27 28 63
sa0a4287525619fc3,Python,1 3
sa0f5eb52d4d45374,Python,2
sa154f644a13487a5,Python,15
sa1c2c59a4ef848fe,Python,5 7
sa1fc2ea7d329fff2,Python,19
sa26667eee61cfc70,Python,3
sa27217cbe80785ab,Python,20
sa2944786d6d48073,Python,3 4 5
sa2ccef76f8612ef9,Python,6
sa2f6c2a4a136c7b2,Python,2 3 4
sa3379bcef2ccd148,Python,15 16
sa33d29c25d40096a,Python,4
sa36a8170e1ccf427,Python,27
sa43d34c004f8c4e8,Python,6
sa48a34312dcdd4c9,Python,7 8
sa4bda846588e1b78,Python,11
sa5488627938640a2,Python,74
sa5697c1696622e24,Python,21
sa5b7ce89afc7a2ba,Python,25
sa5e611c17fb1b9ff,Python,11 15
sa6a23817c1551973,Python,11
sa74898b1f899ed98,Python,3 6
sa74be8b6b810138e,Python,68
sa7697c160dc9052f,Python,4 13 36
sa774bfd43f759c0c,Python,3
sa7b46173525b4676,Python,11
sa80d2fcf6c8eae37,Python,25 32
sa83ee2b2f819ab76,Python,42 43 56
sa888c9b632148cde,Python,70
sa90b2af7dcf2e5ed,Python,10 11 12
sa9291eb85cc69b39,Python,1
sa9a12ed9128bc550,Python,10
sa9c31e7d7d32add9,Python,4 7 9
sa9edd8fddcdce8a3,Python,7
saa063474e59e724a,Python,42
saa1c2d3b2409b00c,Python,7
saa64273d5f2993f6,Python,1
saa6d098d356c5cd3,Python,36
saa84b84c52a0ac3b,Python,2
saaacd30efa1e1120,Python,2
sab587e03dae434c9,Python,3 4
sabcac92eaddd40a4,Python,11
sabfdff051819939a,Python,19
sac185d7656cd05db,Python,20 21
sac683fbbdd9e394a,Python,21
sac6e22c83d24e872,Python,6
saccd6ab5af251ebe,Python,5 7
sacf9513e06a5730e,Python,1 16
sad032426d23dee0a,Python,6
sad584643fdd6c206,Python,11
sadc15558edd28013,Python,8
sadc9f41690d0e26d,Python,5
sae10a50e72bb5cc4,Python,47 49
saea15bdfd8eb65ad,Python,1
saea8d48b8419bcf5,Python,4
saee142b6429dc13d,Python,3
saf143d01047bc233,Python,43 45 46
saf243e03739cc275,Python,11
saf5602dfab9bbd26,Python,4 5 11
saf84d50fe7e90c09,Python,2
safd2a3a851eb72f9,Python,55
sb0157ff7f777e469,Python,6 14
sb01a56f9708b8d21,Python,57 66 70
sb0640953cbb9ed6e,Python,47 48
sb0c010bbdb0ff9d8,Python,45
sb0d84fe77a5e47df,Python,9
sb147e49bf6296d2c,Python,4 6 8
sb15ae01a55543603,Python,2
sb1997baf0672ad5a,Python,13 14
sb1c5bceff8effe8b,Python,1 20 31
sb1f7de07f98b2464,Python,6 7
sb2212ac631b35159,Python,1
sb24b474a6e4a1a63,Python,5
sb25277dd30634837,Python,2
sb2628c2740db68c8,Python,11
sb280a4c727801aad,Python,3
sb2875a55301f2c6d,Python,43
sb2a570a8591e473e,Python,6
sb3380637b16e3141,Python,10
sb35a4f148e5e20b4,Python,11
sb380ec405a34482a,Python,5
sb3947b927067a229,Python,2
sb39ce59c1eb947e0,Python,1
sb3f9c046bc4ba68f,Python,6
sb40b667ece074d35,Python,12
sb4184b2baae0610a,Python,12 15
sb41dc33aeed82616,Python,27 29
sb4433da8ff32d32a,Python,37
sb47e1a870a8cb0f9,Python,10 11 17
sb51e24b4b59591e9,Python,19 20
sb57418ecfbec9a88,Python,9
sb5b7325772158fdc,Python,8
sb5d3d2139416bf1c,Python,21
sb5ff303da60f5088,Python,10 16
sb61707d6374af29a,Python,83 84 85
sb65b0aa9d5f5f170,Python,5
sb6930de1509f8d12,Python,24
sb717641a6a322f23,Python,17
sb729503c9d08e7ec,Python,7
sb7424bd44f1abcbf,Python,14
sb7c32a7fe7b503d8,Python,6 7 8
sb85adf68c5a005eb,Python,16
sb89231e237fc0279,Python,19 20
sb8a9ed96c4d99f01,Python,43
sb90fd69168a3abbb,Python,3 4 13
sb91aabb5af0b74b7,Python,8
sb9228cc6cf468105,Python,12 23 24
sb9f39e007dc65f85,Python,3 4 5
sba1a11d7c65cd9a3,Python,4
sba2355ae0a96c76a,Python,70
sbb653d554a310a93,Python,26 34
sbb81820d869988c2,Python,1 2
sbb88c3810c7475ed,Python,2
sbbd7c620604dbaaa,Python,25
sbc2373aa3b206776,Python,6
sbc4505d31d3a3d55,Python,5
sbc5b1d53c618cdc9,Python,6
sbcac5d297fdb9eb9,Python,19 25
sbcbd3e17d93c9344,Python,5
sbd8f708f430b5d03,Python,8
sbe542cf1e5316b8c,Python,80
sbeaf543133bfee11,Python,14
sbec8fb0b39289081,Python,5
sbedb0976a99ab5c3,Python,3
sbf37718793ecf318,Python,29
sbf42b7b317a3f777,Python,14
sbf6f6af138b458d8,Python,3
sbf7660df7708a91a,Python,6
sbfc96302b43f28ec,Python,29
sc00d2aef03c606a0,Python,5 11
sc01d402bde4a4206,Python,4
sc04f839c49b72301,Python,16
sc0b1309f1bf23e14,Python,11
sc1784043be9c7ebe,Python,16 22
sc196866aa3381707,Python,3
sc1ad14763a112a0c,Python,1
sc200f48dfbed99b3,Python,18
sc21609afd3125979,Python,36 37
sc239ad5a8175d8dc,Python,16
sc24835f0ffa6366f,Python,4
sc2c244f71e0172be,Python,3
sc2e85dde5dd62ca2,Python,28
sc2f3563f2bd251c7,Python,2
sc30a06c99d4b2b04,Python,11
sc3830224fd987c65,Python,12
sc3c2c2911659eaa5,Python,47
sc3c814fcc108e459,Python,1
sc40ccc337ac6e88b,Python,26
sc4346933bee05bcf,Python,14 19
sc46f7c4ee6c72f5d,Python,10
sc49bf16d09e5c13d,Python,53
sc4b5c462eadeabf6,Python,7
sc4fdfdc8d87af687,Python,10
sc53420ba2c6adf21,Python,12
sc5731910670562a0,Python,12 34 43
sc57be6151bf9a286,Python,4
sc5952a008a151d64,Python,1 2
sc5fecfd57ee4ffcd,Python,20 21
sc60c523ee66b07f8,Python,1
sc60fd0d7b790a1f2,Python,34
sc63f392f9d449cae,Python,36
sc69e9974dd84b707,Python,40
sc6ec183918b50ff5,Python,25
sc718f74f6b70b231,Python,15 17
sc75166d225a2f87a,Python,26
sc7699060e9820b06,Python,43 44
sc7bf22086ff13302,Python,7
sc7c48194336aac71,Python,3
sc7d8402af82ed2e5,Python,21
sc80c5732e58aa3c3,Python,12
sc8471fee35db8738,Python,4
sc870ed0b282b4f98,Python,20
sc88053c26e451a74,Python,19
sc937a79d1383a666,Python,18
sc987db14a46ddaab,Python,51
sc98dfe44efde74dd,Python,17
sc9a143bb7ae0237b,Python,10 12 13
sc9ae31ffb487651d,Python,67
sc9efb11dc385b099,Python,41 48
sca231981a064aa81,Python,2
sca23ffc66166d827,Python,5 6
scab3d5154bd6c092,Python,1
scb71b73494fbcc49,Python,54
scb82fd4f760cb394,Python,55
scb96e4a65f8e6e54,Python,2 10
scbcdc3a8f8cfce44,Python,4 6
scc4460d26d6dc041,Python,10
scc56e0ee7d58f031,Python,7
scca82e9c4aaca752,Python,12
scd3f14d2dc8f5d22,Python,2
scd6c4cf585b85928,Python,5
sce15df0e03503cb9,Python,31
sce591b5217fa1b3c,Python,4
sced2e4eb7b95d73e,Python,12
sceda7ea08aada3cb,Python,5
scef71d70d00b3f05,Python,13
scf25e2967334501c,Python,1
scf2c26431d60c859,Python,14
scf2f2c4133e36427,Python,30
scf685c9abd8cbc35,Python,2
scf907c02057e6506,Python,5
scf9b72399af51842,Python,15 16
scfbe72640d482fbe,Python,10
scfd7f46c955c6a69,Python,20
sd00484557ae69a60,Python,3
sd004b92167041f0c,Python,5
sd01033a5828a34ee,Python,6 8
sd049ee0021225011,Python,3
sd0aa1091d07b4d39,Python,5
sd10b2fa18eee692a,Python,14
sd14e773919a667ec,Python,1
sd1a29168f362fd76,Python,2 4 6
sd1b7074637b11a3c,Python,13
sd1bf90a7cbf05d47,Python,19
sd20cf725292654c8,Python,4
sd294cb0681c93f2b,Python,8 9 11
sd297585a19453624,Python,32
sd2b14d5654c45e4c,Python,13 16
sd2ccc152a376b0d3,Python,15 25
sd3496e5a39e10e1d,Python,19 64
sd35dc83dafdfba2b,Python,7
sd392130bff59f0ce,Python,77
sd399b2e2ddded33c,Python,26 27
sd3a28f97175e2b2e,Python,22
sd3df1164c08a472d,Python,31
sd437902f65ea966f,Python,17
sd457ebab3c2a7701,Python,8
sd4816dd10f8bf63e,Python,5
sd51e1cc112fb9def,Python,5
sd52178e680bcdc71,Python,15
sd528ab20d30199f8,Python,39
sd52e41e0a8f44bf7,Python,1 3
sd533904a12c0aaa9,Python,20
sd5522873e729a815,Python,2
sd573cf701bf45a5c,Python,14 16 17
sd655b3518af789aa,Python,8
sd6acc98edf5c71b8,Python,25 27
sd6bcd11591d654bb,Python,4
sd714c81c996ff135,Python,2
sd7163508e51599f1,Python,3 5 7
sd721eefafc3ea93a,Python,1
sd76de21ce202e55c,Python,1
sd78e0578b0100e34,Python,2
sd7d46666590ebafe,Python,6
sd805b01e4180bf8e,Python,49
sd8119f5ded2f95f4,Python,16
sd82e5a320388fddc,Python,3 4
sd89dc80da8e0147e,Python,2 3
sd8d4d45e82b30ba1,Python,84
sd98a534b8822f189,Python,18
sd9abae00ad88a9f7,Python,20
sd9d9a6940000c04e,Python,60
sd9df67b5ba220a96,Python,14
sd9ed29ac670e2ed7,Python,113
sda0639905040c2af,Python,29 31 36
sda13144122e2edc0,Python,7
sda3f3d7a294a3b07,Python,1 3
sda51cb0673840848,Python,39
sda5c754b4c51e3e1,Python,1 2
sda8e6f8cdad68778,Python,25
sdab915cf6350a0d7,Python,61 71
sdaca850324ff1010,Python,15
sdaea46088c2f2deb,Python,17
sdb08b6e6e614d1b5,Python,9
sdb9ab1504bc3b025,Python,11 12
sdbae6769fbde871f,Python,11 12
sdc46ba73173e7b97,Python,10
sdcbac475e4ef973d,Python,26 34
sdcf16512a9b44ddb,Python,19 20 27
sdd2917ac61ee9e82,Python,16
sdd31046f272783b0,Python,34 35 36
sdd5ada6d285e59a1,Python,54
sddcacc0f88ab96b4,Python,1 9
sdddd21614ae2e8cd,Python,7
sde2ae111dbac52e8,Python,42
sde53813ebc947890,Python,30
sde9bf26bcb0e9a49,Python,40
sded04a6dda6acf12,Python,2
sdf3386566f2922c3,Python,69 84
sdf4479952f400a04,Python,39
sdf9f0ab7d1aa9892,Python,6 7
sdfd5734120e23552,Python,10
sdfda18c6fff844fb,Python,42
sdff7e4d49743c73e,Python,2
se03760f4b20f9f3c,Python,4
se10bd3074a6ea7b2,Python,4
se1c54ce35f590262,Python,15
se1fab2180f342704,Python,1
se207103c2db7968b,Python,24 32 34
se214695220ac8502,Python,62
se21ecce224f20807,Python,2
se26237c63c512e9e,Python,16
se2c2c46208e7a1b3,Python,3
se2eeaa49ac9f55ce,Python,33
se346f5d6d6c23699,Python,4
se35dfed7759f3b76,Python,6 7
se37ec8b05047b7f2,Python,10 11 12
se38113881c3d7a59,Python,22
se39f5a8753527808,Python,3 8
se43f60be34a5884c,Python,9 18
se47c18bdc78ad168,Python,2
se53e55749e62a784,Python,6
se5bbc276aa3fccfe,Python,13 14
se5e8c96ec806418d,Python,8
se649f959f3c88980,Python,5 6
se6541238ad3c57aa,Python,1
se65ab943ab66cff7,Python,18 20
se665d299c70172d7,Python,39
se7698af9094ed4d8,Python,57 59
se775bb7cbc4ed3b8,Python,2
se801bb5fc0e28f10,Python,3
se83ab3fa25b5e1d8,Python,17
se879b808a64335ea,Python,11
se87e582bf39daaca,Python,8 9
se8b301f6bd9eff26,Python,19 24
se8c1d64d64b2f369,Python,17 18
se8d90316a6202dcb,Python,57 58
se8e2e0ff23b698cc,Python,15
se8f821d590fd6a37,Python,18 19
se90fabfcd55e271c,Python,10
se9565339d6284f84,Python,54
se98c5e21dca83950,Python,3 5
sea51be113c9cf44f,Python,31
seb2866414542dd84,Python,7
seb3138ae961f3bb6,Python,34
seb5362ecd2da160f,Python,14
seb5fecc75b69140a,Python,3
seb7736038d5c7830,Python,23
seb903a83aac7fb70,Python,3
seba4c53732e90db9,Python,14
sec2db29fba88df6b,Python,6
sec58393fd0ec14c5,Python,37
sec80be5eabeecec7,Python,13 34
secae7115695b4c11,Python,4 6
sed4c192f514d64d3,Python,11
seddcf9db49f2fd42,Python,5
see890fa752b27d88,Python,3
seea46a4e1735de23,Python,23
seeb4f483c4baf49a,Python,3
seedd9debd2f24eff,Python,16 17
seef57a1f96e71107,Python,16
sef4d4e4dbb5f230e,Python,32
sef5ee64d230b6aea,Python,34
sef7d5ed99dbf5f29,Python,21
sef83cb1f9ecb642a,Python,20
sf004898148dba545,Python,7
sf00f11c0390a1a43,Python,20
sf082f617f9595c43,Python,12 25
sf08d2d6c9634d72c,Python,7
sf0dab3f0892361dc,Python,10
sf0eaf66afffcdb2f,Python,10
sf18a4b12226dae21,Python,44
sf216e24d3c9c1ff5,Python,25
sf27a3b0bc4e7cb5a,Python,34
sf2bd33734de00298,Python,100
sf33621a8f7069074,Python,32
sf38745e613e286ba,Python,12
sf3c3c003c6d578d3,Python,4
sf3e49a4b7be44060,Python,8 12 14
sf3f28b9f906c21db,Python,12 18 24
sf43e4ea0925b4170,Python,3
sf44dedf6aee17cf0,Python,2 6
sf4a3119b4553e4f2,Python,2 3
sf4bd2b3dc6b8ba38,Python,2
sf523bf90bfcbe197,Python,2 3
sf54e856d785bc44e,Python,10
sf605543779a59358,Python,1
sf63c0af679d8d70d,Python,6
sf6a77afac0bf7d3b,Python,1
sf6c7947e4e4e65a9,Python,88 90 103
sf728bf508af55f31,Python,38
sf74eb43e45501223,Python,3
sf7bd7a894287df2a,Python,57
sf8005ad3aa744861,Python,5
sf811ff4137f7af07,Python,4
sf81a06b5655877c3,Python,7
sf824655c5d86da51,Python,18
sf869a4ab062168bd,Python,19
sf8d199cba5582027,Python,15
sf9560bf53c4ac06e,Python,5
sf9beaf2e13792b6f,Python,5 6
sfa35f3bb21e567f5,Python,9
sfa8b5b0c773d168a,Python,4
sfaf1eca71e1f628e,Python,1 21
sfafb9e719dc23169,Python,8 14
sfb0b30ceb1f4bf11,Python,18
sfb429f42119637df,Python,1 2 5
sfb75436676c5c5f6,Python,30 47
sfbad140d20549a57,Python,4
sfc0525ce047a607d,Python,25
sfc164639ccb22f6b,Python,5 16 17
sfc2da1a29339e2ec,Python,8
sfc358aeca2179269,Python,8 22 23
sfc43f4632dda8d2b,Python,1 5 9
sfc45f1a5809c9ce3,Python,4 5
sfc7176afc8173bfa,Python,7
sfc82ea09f289b180,Python,18
sfc8901ff769fb553,Python,6
sfd1d4a576a24bb07,Python,4
sfd66b344f7c3a51a,Python,2 5
sfde09918ab36cb24,Python,10
sfdebbe305ce03976,Python,7
sfdf325c89cffcf1e,Python,2 8
sfe27c961ac49a71b,Python,7
sfe3b8e0f7a235f10,Python,7
sfef0d115eef907cf,Python,3
sfef464785fe6b003,Python,1 6
sff198655d3cd19cb,Python,9
